slug,title,category,internal_link_score,affiliate_relevance_score,revenue_opportunity,user_intent_match,tofu_mofu_bofu,overall_verdict,article_issues,notes
abc-mart-poikatsu,ABC-MARTでポイ活する方法!靴購入時のアプリ・決済チェック,shopping,5,30,MEDIUM,80,MOFU,REVIEW,ORPHAN_CANDIDATE;AFFILIATE_OPPORTUNITY_MEDIUM,本文リンク・CTAが一切なし。ABC-MARTのアフィリエイトプログラムがあれば導線追加を検討
aeon-point-tameru,イオンでポイントを効率よく貯める方法!WAON POINTと支払い方法の選び方,shopping,5,20,HIGH,80,MOFU,FIX_MEDIUM,ORPHAN_CANDIDATE;AFFILIATE_OPPORTUNITY_HIGH,イオンカードに言及しているのにCTA・内部リンクが皆無。イオンカード等のアフィリエイト導線を優先的に追加すべき
amazon-gift-charge,Amazonギフト券チャージで損しない考え方!支払い方法と使い切りのコツ,shopping,5,30,MEDIUM,80,MOFU,REVIEW,ORPHAN_CANDIDATE;AFFILIATE_OPPORTUNITY_MEDIUM,amazon-tsuhan-toha(Amazonアソシエイト導線あり)への内部リンク追加を推奨
amazon-poikatsu,Amazonでポイ活はできる?ポイントを貯める方法と注意点を解説,shopping,5,20,HIGH,85,MOFU,FIX_HIGH,ORPHAN_CANDIDATE;AFFILIATE_OPPORTUNITY_HIGH,「Amazonでポイ活」が中心テーマなのにamazon-tsuhan-toha(Amazonアソシエイト導線あり)への内部リンクが無い。最優先で追加すべき
amazon-tsuhan-toha,Amazonとは?特徴とポイントの貯め方をわかりやすく解説,shopping,35,95,NONE,95,BOFU,KEEP,,CVページとして機能良好。本文内部リンクが0件のため関連記事への導線を数本追加すると回遊性が向上
ana-furusato-mile,ANAのふるさと納税でマイルを貯める方法!旅行好き向けの基本,shopping,70,35,MEDIUM,85,MOFU,REVIEW,AFFILIATE_OPPORTUNITY_MEDIUM,furusato-portal-erabikata(CTAあり)への内部リンク追加でアフィリエイト導線に接続可能
ana-jal-mile-hikaku,ANAマイルとJALマイルはどっち?貯めやすさ・使いやすさを比較,shopping,85,40,LOW,90,MOFU,KEEP,,内部リンクが充実したハブ記事。ANA/JALカードのアフィリエイトがあれば導線追加の余地あり
ana-mile-tameru-kachi,ANAマイルを貯めるべき人・貯めない方がいい人を解説,shopping,80,40,LOW,85,MOFU,KEEP,,
ana-mileage-mall-poikatsu,ANAマイレージモールの使い方!通販前にマイルを貯める経由術,shopping,55,35,MEDIUM,80,MOFU,REVIEW,AFFILIATE_OPPORTUNITY_MEDIUM,本文リンクが1件のみ。ana-jal-mile-hikaku等との相互リンクを追加すると回遊性が向上
ana-mileageplus-hikaku,ANAマイルとMileagePlusはどっち?同じスターアライアンスで何が違う?,shopping,80,30,NONE,85,MOFU,KEEP,,海外マイル比較のためNO_AFFILIATE_NEEDEDに近い
au-uq-ponta,au・UQユーザーはPontaポイントにまとめるべき?相性の良いサービスを解説,shopping,85,35,MEDIUM,90,MOFU,REVIEW,AFFILIATE_OPPORTUNITY_MEDIUM,au PAYカード等のアフィリエイトCTA追加を検討する余地あり
aupay-market-poikatsu,au PAYマーケットでポイントを活用する方法!買い物前の確認ポイント,shopping,5,20,HIGH,80,MOFU,FIX_HIGH,ORPHAN_CANDIDATE;AFFILIATE_OPPORTUNITY_HIGH,aupay-market-toha(A8アフィリエイトCTAあり)への内部リンクが無い。追加を推奨
aupay-market-toha,au PAY マーケットとは?特徴とポイントの貯め方をわかりやすく解説,shopping,35,95,NONE,95,BOFU,KEEP,,
aupay-ponta,au PAYでPontaポイントを貯める方法!スマホ決済との組み合わせを解説,shopping,10,25,HIGH,85,MOFU,FIX_HIGH,AFFILIATE_OPPORTUNITY_HIGH,本文リンク0件。au-uq-pontaとの相互リンクとau PAY関連CTAの追加を推奨
biccamera-toha,ビックカメラ.comとは?特徴とポイントの貯め方をわかりやすく解説,shopping,35,60,MEDIUM,95,BOFU,REVIEW,AFFILIATE_OPPORTUNITY_MEDIUM,CTAは非アフィリエイトの公式直リンク。ビックカメラのアフィリエイトプログラムがあれば切り替えを検討
biyouin-salon-point,美容院・サロン代をポイントで節約!予約前に見るべき条件と使い方,shopping,5,20,HIGH,78,MOFU,FIX_MEDIUM,ORPHAN_CANDIDATE;AFFILIATE_OPPORTUNITY_HIGH,美容系予約アプリのアフィリエイトCTA追加の余地が大きい
bousai-goods-poikatsu,防災グッズ購入でポイ活する方法!備蓄を無駄なくそろえるコツ,shopping,5,30,MEDIUM,80,TOFU,REVIEW,ORPHAN_CANDIDATE;AFFILIATE_OPPORTUNITY_MEDIUM,Amazon/楽天等の通販モールへのリンク・CTA追加を検討
carshare-point-katsuyou,カーシェアでポイ活する方法とは?短時間利用の節約ポイントを解説,shopping,20,60,NONE,80,MOFU,REVIEW,,本文リンクが0件で単一のdカーシェアCTAのみ。他カーシェアサービスとの比較や内部リンクの充実を推奨
cashless-setsuyaku,キャッシュレス決済で節約する方法!現金派から始めるポイ活入門,shopping,5,30,LOW,78,TOFU,REVIEW,,code-kessai-4sha-hikaku等、決済比較記事への内部リンク追加を推奨
charge-route-point,チャージルートでポイントを増やす考え方!複雑にしすぎない決済設計,shopping,55,0,NONE,80,TOFU,KEEP,,NO_AFFILIATE_NEEDED(概念解説記事)
chuushajou-yoyaku-poikatsu,駐車場予約サービスでポイ活する方法!イベント前に確認したい条件,shopping,5,20,HIGH,78,MOFU,FIX_MEDIUM,ORPHAN_CANDIDATE;AFFILIATE_OPPORTUNITY_HIGH,駐車場予約サービス(akippa等)のアフィリエイトCTA追加の余地が大きい
cleaning-poikatsu,クリーニング代でポイントを貯める方法!宅配と店舗を比較するコツ,shopping,55,25,HIGH,80,MOFU,FIX_MEDIUM,AFFILIATE_OPPORTUNITY_HIGH,宅配クリーニングサービスのアフィリエイトCTA追加を推奨
code-kessai-4sha-hikaku,コード決済4社を徹底比較|PayPay・d払い・楽天ペイ・au PAY,shopping,75,35,MEDIUM,88,MOFU,REVIEW,AFFILIATE_OPPORTUNITY_MEDIUM,4社比較記事だがCTAが無い。各サービスのアフィリエイトがあれば追加を検討
coke-on-setsuyaku,Coke ONで飲み物代を節約する方法!スタンプ・チケット活用の基本,shopping,5,15,LOW,75,MOFU,REVIEW,ORPHAN_CANDIDATE,単一無料アプリのため優先度は低い
d-point-supermarket,dポイントが貯まるスーパー一覧|使える店舗・地域スーパーも比較,shopping,85,40,LOW,90,MOFU,KEEP,,TOCアンカー13件を含む充実したハブ記事
daimaru-matsuzakaya-toha,大丸松坂屋オンラインストアとは?特徴とポイントの貯め方をわかりやすく解説,shopping,35,95,NONE,90,BOFU,KEEP,,
demaecan-poikatsu,出前館でポイ活する方法!注文前に確認したい割引とポイント,shopping,5,20,HIGH,80,MOFU,FIX_MEDIUM,ORPHAN_CANDIDATE;AFFILIATE_OPPORTUNITY_HIGH,出前館のアフィリエイトCTA追加の余地が大きい
denryoku-norikae-point,電力会社乗り換えでポイントを貯める方法!料金比較と特典の見方,shopping,70,20,HIGH,85,MOFU,FIX_HIGH,AFFILIATE_OPPORTUNITY_HIGH,電力会社乗り換え系は代表的な高単価アフィリエイト案件。CTA追加を優先的に検討
docomo-ahamo-dpoint,ドコモ・ahamoユーザーはdポイントにまとめるべき?相性の良いサービスを解説,shopping,80,40,MEDIUM,90,MOFU,REVIEW,AFFILIATE_OPPORTUNITY_MEDIUM,dカード等、独自CTA追加の余地あり
docomo-select-toha,docomo selectとは?スマホアクセサリー購入とdポイントを解説,shopping,35,95,NONE,90,BOFU,REVIEW,ORPHAN_CANDIDATE,CTAは良好だが被リンクが0件。関連記事からの内部リンク追加が必要
doramori-point,ドラッグストアモリのポイントを解説|ポイントデー・使い方・キャッシュレス時の条件,shopping,60,10,LOW,80,TOFU,KEEP,,
doutor-tullys-poikatsu,ドトール・タリーズでポイ活する方法!カフェ利用時の支払い術,shopping,5,10,LOW,75,MOFU,REVIEW,ORPHAN_CANDIDATE,
dpoint-d-harai,d払いでdポイントを貯める方法!日常決済で活用するコツ,shopping,5,15,LOW,78,MOFU,REVIEW,ORPHAN_CANDIDATE,dpoint-kiso等への内部リンク追加を推奨
dpoint-hanei-sarenai,dポイントが反映されない原因は?dポイントマーケットの確認方法も解説,shopping,30,0,NONE,85,TOFU,KEEP,,NO_AFFILIATE_NEEDED(トラブルシューティング記事)
dpoint-kiso,dポイントの貯め方を初心者向けに解説!ドコモ以外の人でも使える?,shopping,5,20,LOW,80,TOFU,REVIEW,,本文リンクが0件。関連記事への導線を追加すると回遊性が向上
dpoint-ponta-hikaku,dポイントとPontaはどっちが得?貯め方・使える店・有効期限を比較,shopping,75,35,LOW,88,MOFU,FIX_LOW,VAGUE_ANCHOR,「詳しく見る →」という曖昧なアンカーが3箇所。具体的な文言に変更を推奨
dpoint-tsukaimichi,dポイントのおすすめの使い道!コンビニ・ドラッグストア・ネットで使う方法,shopping,5,15,LOW,80,MOFU,REVIEW,,本文リンクが0件。dpoint-kiso等への導線を追加推奨
drugstore-poikatsu,ドラッグストアでポイ活する方法!日用品・薬・コスメでポイントを貯める,shopping,75,30,LOW,85,MOFU,KEEP,,
drugstore-point-hikaku,ドラッグストアのポイントを徹底比較|マツキヨ・ウエルシア・スギ薬局・ツルハなど,shopping,85,40,LOW,90,MOFU,KEEP,,TOCアンカー8件を含む19本の内部リンクを持つ充実したハブ記事
dshopping-toha,dショッピングとは?特徴とポイントの貯め方をわかりやすく解説,shopping,35,95,NONE,95,BOFU,KEEP,,
ec-current-poikatsu,ECカレントとは?家電通販の特徴とポイント制度を解説,shopping,35,90,NONE,85,BOFU,KEEP,,
eigakan-point,映画館でポイントを貯める方法!チケット購入と会員制度の使い分け,shopping,5,25,MEDIUM,78,MOFU,REVIEW,ORPHAN_CANDIDATE;AFFILIATE_OPPORTUNITY_MEDIUM,
etc-mileage-toha,ETCマイレージサービスとは?高速道路利用者が知っておきたい基本,shopping,5,15,LOW,78,TOFU,REVIEW,ORPHAN_CANDIDATE,ETCカード発行系のアフィリエイトがあれば導線追加を検討
famiresu-cafe-point,ファミレス・カフェでポイントを貯める方法!外食前のアプリ確認術,shopping,5,10,LOW,75,MOFU,REVIEW,ORPHAN_CANDIDATE,
fastfood-app-poikatsu,ファストフードアプリでポイ活する方法!クーポンと決済を組み合わせるコツ,shopping,5,10,LOW,75,MOFU,REVIEW,ORPHAN_CANDIDATE,
furusato-nozei-poikatsu,ふるさと納税でポイ活はできる?ポイント還元と注意点をわかりやすく解説,shopping,60,15,HIGH,85,TOFU,FIX_HIGH,AFFILIATE_OPPORTUNITY_HIGH,furusato-portal-erabikata(CTAあり)への内部リンクが無い。追加を優先的に推奨
furusato-portal-erabikata,ふるさと納税ポータルの選び方!ポイント重視で比較する時の注意点,shopping,60,55,NONE,80,MOFU,FIX_MEDIUM,MONETIZATION_MISMATCH;ORPHAN_CANDIDATE,「ポータルの選び方」という比較テーマなのにCTAはau PAYふるさと納税のみ。他ポータルとの比較充実または訴求箇所の見直しが必要。被リンクも0件
gaishoku-point-tameru,外食でポイントを貯める方法!予約サイト・決済・アプリ活用の基本,shopping,30,70,NONE,80,MOFU,REVIEW,ORPHAN_CANDIDATE,
game-kakin-point,ゲーム課金でポイントを貯める方法!Apple・Google残高利用時の注意,shopping,5,20,MEDIUM,78,MOFU,REVIEW,ORPHAN_CANDIDATE;AFFILIATE_OPPORTUNITY_MEDIUM,
gas-norikae-poikatsu,ガス会社乗り換えでポイ活する方法!セット割とポイントの確認術,shopping,65,20,HIGH,85,MOFU,FIX_HIGH,ORPHAN_CANDIDATE;AFFILIATE_OPPORTUNITY_HIGH,ガス会社乗り換え系も高単価アフィリエイト案件。CTA追加を優先的に検討
gyudon-chain-poikatsu,牛丼チェーンでポイ活する方法!吉野家・すき家・松屋利用時の基本,shopping,5,10,LOW,75,MOFU,REVIEW,ORPHAN_CANDIDATE,
hahanohi-chichinohi-gift-point,母の日・父の日ギフトでポイントを貯める方法!早割と配送日の確認術,shopping,55,20,HIGH,82,MOFU,FIX_MEDIUM,ORPHAN_CANDIDATE;AFFILIATE_OPPORTUNITY_HIGH,季節性の高い購入意図記事だがCTAが無い。ギフト系ECのアフィリエイト追加を推奨
halloween-yohin-poikatsu,ハロウィン用品でポイ活する方法!衣装・お菓子を買いすぎないコツ,shopping,5,25,MEDIUM,78,MOFU,REVIEW,ORPHAN_CANDIDATE;AFFILIATE_OPPORTUNITY_MEDIUM,
hasuu-shiharai-point,端数支払いでポイントを使う方法!少額ポイントを無駄にしないコツ,shopping,30,10,LOW,78,TOFU,REVIEW,,本文リンクが0件
hikkoshi-poikatsu,引っ越しでポイ活する方法!見積もり・家具購入・手続きの確認ポイント,shopping,60,15,HIGH,85,MOFU,FIX_HIGH,AFFILIATE_OPPORTUNITY_HIGH,引越し一括見積もり比較サービスは定番の高単価アフィリエイト案件。CTA追加を最優先で検討
hikkoshi-seikatsuyohin-poikatsu,引越し後の生活用品で使えるポイ活術!支出が増える前に確認したい節約ポイント,shopping,85,90,NONE,90,MOFU,KEEP,,
homecenter-app-katsuyou,ホームセンターの会員アプリ活用術!DIY用品と日用品をお得に買う方法,shopping,5,25,MEDIUM,78,MOFU,REVIEW,ORPHAN_CANDIDATE;AFFILIATE_OPPORTUNITY_MEDIUM,
hon-denshi-shoseki-poikatsu,本・電子書籍のポイ活方法|楽天ブックス・Kobo・hontoの還元率を比較,shopping,70,55,NONE,85,MOFU,FIX_MEDIUM,MONETIZATION_MISMATCH,タイトルは楽天ブックス・Kobo・hontoの比較だが、CTAはDMMブックスのみ。比較対象の統一が必要
hyakkaten-depart-poikatsu,百貨店のポイントを比較!高島屋・三越伊勢丹・大丸松坂屋など,shopping,85,45,LOW,88,MOFU,REVIEW,ORPHAN_CANDIDATE,内容は充実しているが被リンクが0件。個別店舗記事からの相互リンクを追加すべき
irisplaza-toha,アイリスプラザとは?特徴とポイントの貯め方をわかりやすく解説,shopping,35,90,NONE,88,BOFU,REVIEW,ORPHAN_CANDIDATE,CTAは良好だが被リンクが0件
iryouhi-shohouyaku-point,医療費・処方薬でポイントは貯まる?支払い前に確認したい注意点,shopping,15,70,NONE,80,TOFU,FIX_LOW,ORPHAN_CANDIDATE;NO_AFFILIATE_NEEDED,本文リンク・被リンクともに0件。内容自体は医療費ポイ活の注意点として妥当。関連するshoppingカテゴリ記事からの内部リンク追加を推奨。
itoyokado-poikatsu,イトーヨーカドーでポイ活する方法!アプリ・nanaco・セールの使い分け,shopping,55,70,LOW,85,TOFU,KEEP,,itoyokado-netsuper-onigo-poikatsuとの相互リンクは良好。イトーヨーカドー自体にアフィリエイト提携がないため現状のCTA無しは妥当。
jal-mile-tameru-kachi,JALマイルを貯めるべき人・貯めない方がいい人を解説,shopping,85,55,MEDIUM,90,MOFU,REVIEW,AFFILIATE_OPPORTUNITY_MEDIUM,内部リンクは豊富かつ高関連性。JALマイルを貯める判断記事のため、JAL系クレジットカードのアフィリエイト提携があればCTA追加の余地あり。
jal-mileage-mall-poikatsu,JALマイレージモールでマイルを貯める方法!ネット通販前の基本,shopping,45,55,MEDIUM,85,MOFU,REVIEW,ORPHAN_CANDIDATE;AFFILIATE_OPPORTUNITY_MEDIUM,被リンク0件。JALカード関連のアフィリエイトが存在すればCTA設置を検討。
jisshitsu-kakaku-keisan,実質価格とは?計算方法・ポイント還元と値引きの違いを具体例で解説,shopping,85,75,NONE,90,TOFU,KEEP,NO_AFFILIATE_NEEDED,実質価格計算という用語解説記事。TOC・関連記事へのリンクとも充実しており良好。
joshin-web-toha,Joshin webショップとは?特徴とポイントの貯め方をわかりやすく解説,shopping,30,40,LOW,90,BOFU,REVIEW,,被リンク173件と非常に多いハブページだが、CTAはアフィリエイトではなく直接公式リンク。Joshin webのASP提携有無を確認し、あれば大きな収益機会。
jre-point-kiso,JRE POINTの貯め方と使い方!Suica利用者向けポイ活入門,shopping,10,55,MEDIUM,85,TOFU,REVIEW,ORPHAN_CANDIDATE;AFFILIATE_OPPORTUNITY_MEDIUM,被リンク・本文リンクともに0件。ビューカードとの相性に言及があり、ビューカード関連記事・アフィリエイトへの導線を検討可能。
jtb-shopping-toha,JTBショッピングとは?お取り寄せ・お土産・ギフトの特徴を解説,shopping,25,95,NONE,90,BOFU,KEEP,,JTBショッピングのレビュー記事としてCTAが的確。本文内部リンクが0件なのはやや惜しいが致命的ではない。
kadenryohanten-point-hikaku,家電量販店のポイント比較|還元率・現金値引き・支払い方法を7社で比較,shopping,85,50,MEDIUM,90,MOFU,REVIEW,AFFILIATE_OPPORTUNITY_MEDIUM,7社比較として内部リンクは非常に充実。家電量販店のいずれかにASP提携があればCTA追加の余地あり。
kadenryohanten-point,家電量販店のポイントを賢く使う方法!現金値引きとの違いを解説,shopping,50,50,MEDIUM,85,MOFU,REVIEW,AFFILIATE_OPPORTUNITY_MEDIUM,kadenryohanten-point-hikakuとの相互リンクは良好。家電量販店のアフィリエイト提携があれば収益機会あり。
kaitenzushi-yoyaku-poikatsu,回転寿司でポイントを貯める方法!予約アプリと支払い前のチェック,shopping,10,55,MEDIUM,85,TOFU,REVIEW,ORPHAN_CANDIDATE;AFFILIATE_OPPORTUNITY_MEDIUM,被リンク0件。予約サービス(EPARK等)のASP提携があればCTA設置を検討。
keio-net-shopping-toha,京王ネットショッピングとは?特徴とポイントの貯め方をわかりやすく解説,shopping,25,95,NONE,90,BOFU,KEEP,,京王ネットショッピングのレビュー記事としてCTAが的確。
keitai-ryokin-setsuyaku,携帯料金をポイ活で節約する方法!ポイント払いとキャンペーンの活用,shopping,20,50,MEDIUM,75,MOFU,FIX_MEDIUM,MONETIZATION_MISMATCH,本文は複数キャリアの特徴解説だが、CTAは楽天モバイル1社に偏っておりMONETIZATION_MISMATCH。キャリア別記事への内部リンクも0件で追加余地あり。
kikangentei-point-5shu-hikaku,期間限定ポイント5種を比較!失効前に使い切る方法,shopping,85,70,NONE,90,MOFU,KEEP,NO_AFFILIATE_NEEDED,5種比較として内部リンク充実、被リンクも5件と評価が高い。
kikangentei-point-tsukaimichi,期間限定ポイントのおすすめ使い道|失効前にすぐ使える交換先ガイド,shopping,80,70,NONE,88,MOFU,KEEP,NO_AFFILIATE_NEEDED,使い道ガイドとして内部リンク充実。
konbini-poikatsu-hikaku,コンビニでポイ活する方法!主要チェーンで貯まるポイントを比較,shopping,10,65,LOW,85,MOFU,FIX_LOW,ORPHAN_CANDIDATE,被リンク・本文リンクともに0件。lawson-ponta等の個別コンビニ記事への内部リンク追加を強く推奨。
koukangen-hi-kaimono-list,高還元日の買い物リスト術!必要な物だけ買うポイ活ルール,shopping,15,65,NONE,80,TOFU,REVIEW,ORPHAN_CANDIDATE;NO_AFFILIATE_NEEDED,被リンク0件。関連するshoppingカテゴリ記事からのリンク追加を推奨。
koukyou-ryokin-poikatsu,電気・ガス・水道でポイントは貯まる?公共料金ポイ活の基本,shopping,55,65,LOW,85,TOFU,KEEP,,電力会社記事への内部リンクは的確。
kousokubus-yoyaku-poikatsu,高速バス予約でポイントを貯める方法!移動費を抑えるポイ活術,shopping,10,55,MEDIUM,85,TOFU,REVIEW,ORPHAN_CANDIDATE;AFFILIATE_OPPORTUNITY_MEDIUM,被リンク0件。高速バス予約サイトのASP提携があればCTA設置を検討。
lawson-ponta,ローソンでPontaポイントを貯める方法!買い物前に知っておきたい基本,shopping,20,65,LOW,85,TOFU,REVIEW,,ponta-kiso・au-uq-ponta等への内部リンクが0件で追加余地あり。
line-point-nichijou,LINEポイントを日常で貯める方法!LINEサービスと決済前チェックの基本,shopping,10,65,NONE,85,TOFU,REVIEW,ORPHAN_CANDIDATE;NO_AFFILIATE_NEEDED,被リンク・本文リンクともに0件。
lohaco-toha,LOHACOとは?特徴とポイントの貯め方をわかりやすく解説,shopping,30,40,LOW,90,BOFU,REVIEW,,被リンク184件の巨大ハブページだが非アフィリエイトの直接リンクのみ。ASP提携有無の確認を推奨。
maebarai-shisugi-poikatsu,前払いしすぎないポイ活術!ポイント目当ての出費を防ぐ考え方,shopping,10,65,NONE,85,TOFU,REVIEW,ORPHAN_CANDIDATE;NO_AFFILIATE_NEEDED,被リンク0件。
matsukiyo-cocokara-online-toha,マツキヨココカラオンラインストアとは?送料無料条件・支払い方法・当日配送を解説,shopping,65,95,NONE,90,BOFU,KEEP,,マツキヨココカラのレビュー記事としてCTA・内部リンクともに良好。被リンクも173件と非常に多い。
matsukiyo-cocokara-poikatsu,マツキヨココカラでポイ活する方法!アプリ・クーポン・決済の基本,shopping,80,90,NONE,88,BOFU,KEEP,,内部リンク・CTAともに充実。同一CTAが2回出現するが許容範囲内でCTA_OVERUSEには該当しない。
matsukiyo-cocokara-point,マツキヨココカラのポイント制度!マツキヨココカラポイントとdポイントの関係,shopping,80,80,NONE,88,MOFU,KEEP,,ポイント制度解説記事として内部リンク充実、CTAも妥当。
mcdonalds-poikatsu,マクドナルドでお得に買うポイ活術!アプリ・クーポン・支払いの基本,shopping,10,60,LOW,85,TOFU,REVIEW,ORPHAN_CANDIDATE;NO_AFFILIATE_NEEDED,被リンク0件。マクドナルドは一般にASP提携が少なく現状のCTA無しは妥当。
mile-koukan-merit,ポイントをマイルに交換するメリットは?旅行好き向けポイ活入門,shopping,15,55,MEDIUM,85,MOFU,REVIEW,AFFILIATE_OPPORTUNITY_MEDIUM,被リンクは3件あるが本文からの発リンクが0件。ana-jal-mile-hikaku等への内部リンク追加や、マイル系クレジットカードのアフィリエイト導線を検討。
mileageplus-nihon-zaijuu,MileagePlusは日本在住でも貯める価値がある?メリット・注意点を解説,shopping,70,55,MEDIUM,88,MOFU,REVIEW,AFFILIATE_OPPORTUNITY_MEDIUM,ana-mileageplus-hikakuとの相互リンクは良好。マイル系クレジットカードのアフィリエイト提携があればCTA追加の余地あり。
muji-otoku-kaimono,無印良品でお得に買い物する方法!マイル・クーポン・決済の基本,shopping,10,60,LOW,85,TOFU,REVIEW,ORPHAN_CANDIDATE;NO_AFFILIATE_NEEDED,被リンク0件。無印良品は一般にASP提携が限定的で現状のCTA無しは妥当。
nanaco-point-kiso,nanacoポイントの貯め方と使い方!セブン系で活用する基本,shopping,15,65,NONE,85,TOFU,REVIEW,ORPHAN_CANDIDATE;NO_AFFILIATE_NEEDED,被リンク0件。itoyokado-poikatsu等への内部リンク追加を推奨。
net-shopping-point-kiso,ネットショッピングでポイントを貯める方法!楽天・Yahoo・Amazonの基本,shopping,75,70,NONE,88,TOFU,REVIEW,ORPHAN_CANDIDATE,各モール「とは」記事への導線は的確だが被リンクが0件。
net-super-poikatsu,ネットスーパーのポイントを比較|Ponta・楽天・WAON POINTなど対応状況を解説,shopping,55,60,LOW,88,MOFU,FIX_MEDIUM,MONETIZATION_MISMATCH,Ponta/楽天/d/Vポイント対応比較が中心だが、CTAは比較表に含まれない「IYNS by ONIGO」に誘導しておりMONETIZATION_MISMATCH。
nissen-toha,ニッセンとは?特徴とポイントの貯め方をわかりやすく解説,shopping,40,45,MEDIUM,88,BOFU,REVIEW,AFFILIATE_OPPORTUNITY_MEDIUM,被リンク10件。CTAが非アフィリエイトの直接リンクのみで、ニッセンのASP提携(A8等)有無の確認を推奨。
nyuugaku-shingaku-junbi-point,入学・進学準備でポイントを貯める方法!学用品購入の節約術,shopping,10,60,NONE,85,TOFU,REVIEW,ORPHAN_CANDIDATE;NO_AFFILIATE_NEEDED,被リンク0件。
ocn-online-shop-toha,OCNオンラインショップとは?特徴とお得な買い方をわかりやすく解説,shopping,90,60,NONE,88,BOFU,FIX_MEDIUM,ORPHAN_CANDIDATE,CTAはOCNオンラインショップのレビューとして的確だが、被リンク0件のためせっかくのアフィリエイトCTAへの流入経路がない。dポイント・通信関連記事からの内部リンク追加を優先的に推奨。
pasmo-icoca-poikatsu,PASMO・ICOCAでもポイ活できる?交通系IC利用者向けの確認ポイント,shopping,10,65,NONE,85,TOFU,REVIEW,ORPHAN_CANDIDATE;NO_AFFILIATE_NEEDED,被リンク0件。
paypay-point-kiso,PayPayポイントとは?貯め方・使い方・注意点を初心者向けに解説,shopping,20,60,NONE,90,TOFU,FIX_LOW,NO_AFFILIATE_NEEDED,被リンク5件と評価は高いハブ記事だが、本文からpaypay-point-tsukaimichi・paypay-point-tsukanai・paypay-vpoint-koukan等の関連記事への発リンクが0件。基礎記事として関連記事への内部リンク追加を推奨。
paypay-point-tsukaimichi,PayPayポイントの使い道おすすめ!支払い・運用・貯蓄感覚で使う方法,shopping,10,60,NONE,85,TOFU,REVIEW,ORPHAN_CANDIDATE;NO_AFFILIATE_NEEDED,被リンク0件。paypay-point-kisoとの相互リンク追加を推奨。
paypay-point-tsukanai,PayPayポイントが付かない原因は?確認すべき条件と対策,shopping,15,65,NONE,88,TOFU,REVIEW,NO_AFFILIATE_NEEDED,「ポイントが付かない原因」系の情報提供記事でCTA不要は妥当。paypay-point-kisoへのリンク追加が望ましい。
paypay-vpoint-koukan,PayPayポイント⇄Vポイント相互交換ガイド|レート・手順・注意点,shopping,75,70,NONE,90,MOFU,REVIEW,ORPHAN_CANDIDATE;NO_AFFILIATE_NEEDED,内部リンクは充実しているが被リンクが0件。
pet-yohin-poikatsu,ペット用品でポイ活する方法!定期購入とまとめ買いの節約術,shopping,10,60,LOW,85,TOFU,REVIEW,ORPHAN_CANDIDATE,被リンク0件。
point-bairitsu-hyou-yomikata,ポイント倍率表の読み方!何倍表示に惑わされないチェックポイント,shopping,15,65,NONE,85,TOFU,FIX_LOW,ORPHAN_CANDIDATE;NO_AFFILIATE_NEEDED,被リンク0件かつ本文リンクも0件。jisshitsu-kakaku-keisan・point-kangenritsu-mikataなど近接テーマの記事への内部リンク追加が容易かつ効果的。
point-kangen-genkin-nebiki-hikaku,ポイント還元と現金値引きはどっちが得?迷った時の比較方法,shopping,20,65,NONE,88,MOFU,REVIEW,NO_AFFILIATE_NEEDED,jisshitsu-kakaku-keisanから被リンクがあるが本文からの発リンクが0件。相互リンク化を推奨。
point-kangenritsu-mikata,ポイント還元率の見方を解説!本当にお得か判断する計算方法,shopping,20,65,NONE,88,TOFU,REVIEW,NO_AFFILIATE_NEEDED,jisshitsu-kakaku-keisanから被リンクがあるが本文からの発リンクが0件。相互リンク化を推奨。
point-koukan-toha,ポイント交換とは?他社ポイント・ギフト券・マイルへの交換方法,shopping,20,65,NONE,85,TOFU,REVIEW,NO_AFFILIATE_NEEDED,被リンク4件のハブ的記事だが本文発リンクが0件。kikangentei-point-5shu-hikaku等への追加を推奨。
point-niju-sanjudori-kumiawase,ポイント二重取り・三重取りの組み合わせ早見表!おすすめルートを解説,shopping,85,60,LOW,90,MOFU,KEEP,,クレジットカード個別記事への導線が充実しており、CTA無しでも内部リンク経由の収益導線として妥当。
point-seikatsuhi-karuku,ポイントで生活費を軽くする方法!食費・日用品に優先して使う考え方,shopping,10,65,NONE,85,TOFU,REVIEW,ORPHAN_CANDIDATE;NO_AFFILIATE_NEEDED,被リンク0件。
point-toushi-toha,ポイント投資とは?貯めたポイントで投資体験を始める方法,shopping,60,70,NONE,88,TOFU,KEEP,NO_AFFILIATE_NEEDED,point-toushi-unyou-service-hikakuへ適切に導線を張っており、収益化はそちら側に委ねる構成として妥当。
point-toushi-unyou-service-hikaku,ポイント投資・ポイント運用を主要サービスで比較,shopping,88,75,NONE,92,MOFU,FIX_LOW,VAGUE_ANCHOR,各証券会社記事への内部リンクは非常に的確。ただし比較表内の外部リンクが4件とも「▶ 詳細」という曖昧なアンカーテキストで、かつ2件はASPトラッキングドメイン(tcs-asp.net/ad2.trafficgate.net)である可能性が高い。アンカーテキストをサービス名入りに修正し、CTA管理を統一することを推奨。
point-tsukaimichi,ポイ活で貯めたポイントの使い道は?節約につながる使い方を解説,shopping,20,65,NONE,85,MOFU,REVIEW,NO_AFFILIATE_NEEDED,本文発リンクが0件。point-toushi-toha・kikangentei-point-tsukaimichi等への内部リンク追加を推奨。
point-tsukanai-genin,ポイントが付かない原因まとめ!問い合わせ前に確認すべきこと,shopping,20,65,NONE,88,TOFU,REVIEW,NO_AFFILIATE_NEEDED,「ポイントが付かない原因」の情報提供記事でCTA不要は妥当。
point-unyou-toha,ポイント運用とは?投資との違いと初心者が知るべき注意点,shopping,60,70,NONE,88,TOFU,KEEP,NO_AFFILIATE_NEEDED,point-toushi-unyou-service-hikakuへの導線が的確。
point-yuukoukigen-kanri,ポイントの有効期限を管理する方法!失効を防ぐチェック習慣,shopping,60,70,NONE,88,TOFU,KEEP,NO_AFFILIATE_NEEDED,被リンク5件のハブ記事。kikangentei-point-5shu-hikakuへの導線は的確だが他の関連記事へのリンク追加余地あり。
ponta-kiso,Pontaポイントとは?貯め方・使い方・相性の良いサービスを解説,shopping,15,55,MEDIUM,85,TOFU,FIX_LOW,AFFILIATE_OPPORTUNITY_MEDIUM,本文発リンクが0件。同一バッチ内のlawson-ponta・au-uq-ponta・ponta-tsukaimichi・ponta-mile-koukanなど明らかに関連する記事への内部リンクが皆無で早急に追加すべき。au PAYカード等のアフィリエイト導線も検討余地あり。
ponta-mile-koukan,Pontaポイントをマイルや他社ポイントに交換する方法!使い道を広げるコツ,shopping,15,60,NONE,88,MOFU,FIX_LOW,NO_AFFILIATE_NEEDED,被リンク4件と評価が高いにもかかわらず本文発リンクが0件。ponta-kiso・jal-mile-tameru-kachiへの相互リンク追加を推奨。
ponta-supermarket,Pontaが貯まるスーパー一覧|使える店舗・地域スーパーも比較,shopping,80,60,LOW,90,MOFU,REVIEW,,内部リンク充実。net-super-poikatsuとの相互リンクがなく、追加すると比較記事群としての一貫性が高まる。
ponta-tsukaimichi,Pontaポイントのおすすめの使い道!ローソン・au・旅行で活用する方法,shopping,15,55,MEDIUM,85,MOFU,FIX_LOW,AFFILIATE_OPPORTUNITY_MEDIUM,本文発リンクが0件。ponta-kiso・ponta-mile-koukan・lawson-pontaへの内部リンク追加が容易。旅行での活用に言及があり旅行系ASPの活用余地もあり。
prepaid-card-poikatsu,プリペイドカードでポイ活する方法!使いすぎ防止にも役立つ活用術,shopping,10,55,MEDIUM,85,TOFU,REVIEW,ORPHAN_CANDIDATE;AFFILIATE_OPPORTUNITY_MEDIUM,被リンク0件。プリペイドカードのASP提携があればCTA設置を検討。
qoo10-poikatsu,Qoo10でポイ活する方法!メガ割前に準備したいチェックリスト,shopping,10,55,MEDIUM,85,TOFU,REVIEW,ORPHAN_CANDIDATE;AFFILIATE_OPPORTUNITY_MEDIUM,被リンク0件。Qoo10のASP提携があればCTA設置を検討。
qr-kessai-poikatsu,QRコード決済でポイントを貯める方法!支払い前のチェックポイント,shopping,55,75,NONE,85,TOFU,KEEP,NO_AFFILIATE_NEEDED,唯一の本文リンクは適切だがpaypay-point-kiso等の基礎記事への追加リンクが望ましい
rakuten-ana-mile-koukan,楽天ポイントをANAマイルに交換できる?交換ルートと注意点を解説,shopping,15,70,NONE,80,MOFU,REVIEW,NO_AFFILIATE_NEEDED,本文リンク0件。被リンクは3件あるが本記事からrakuten-poikatsu-kiso等への内部リンク追加が必要
rakuten-check-poikatsu,楽天チェックで来店ポイントを貯める方法!外出ついでに使う基本,shopping,10,70,NONE,78,TOFU,FIX_MEDIUM,ORPHAN_CANDIDATE;NO_AFFILIATE_NEEDED,被リンク0・本文リンク0の孤立記事。関連するrakuten-poikatsu-kiso等からの内部リンクと本文内リンク追加が必要
rakuten-ichiba-kaimawari,楽天市場で買い回り前に確認すること,shopping,15,65,LOW,82,MOFU,REVIEW,,本文リンク0件。rakuten-ichiba-toha・rakuten-poikatsu-kisoへのリンク追加を推奨
rakuten-ichiba-toha,楽天市場とは?特徴とポイントの貯め方をわかりやすく解説,shopping,40,55,MEDIUM,88,BOFU,REVIEW,,被リンク196件の最重要ハブ記事だが本文リンクが0件でCTAも非アフィリエイトの公式直リンクのみ。アフィリエイトプログラムの有無を確認し提携リンク化を検討
rakuten-mobile-rakuten-point,楽天モバイルなら楽天ポイントにまとめるべき?楽天経済圏との相性を解説,shopping,90,70,LOW,90,MOFU,KEEP,,内部リンクが非常に充実した優良な比較記事
rakuten-pay-tameru,楽天ペイで楽天ポイントを貯める方法!街のお買い物で使うコツ,shopping,15,65,LOW,82,TOFU,REVIEW,,本文リンク0件。rakuten-ichiba-toha・rakuten-poikatsu-kisoへのリンク追加を推奨
rakuten-paypay-hikaku,楽天ポイントとPayPayポイントはどっち?通販・決済・カードで比較,shopping,85,70,LOW,90,MOFU,KEEP,,比較記事として内部リンクが充実
rakuten-poikatsu-kiso,楽天ポイントの貯め方を初心者向けに解説!楽天経済圏の基本,shopping,15,70,LOW,85,TOFU,REVIEW,,被リンク4件のハブ的記事だが本文リンク0件。rakuten-ichiba-toha等への追加を推奨
rakuten-point-supermarket,楽天ポイントが貯まるスーパー一覧|使える店舗・地域スーパーも比較,shopping,75,70,LOW,88,MOFU,KEEP,,TOCアンカーに加え../category/supermarketへのリンクが4回重複しやや冗長
rakuten-point-tsukaimichi,楽天ポイントの使い道おすすめまとめ!通常ポイントと期間限定ポイントの違い,shopping,15,70,NONE,82,TOFU,REVIEW,NO_AFFILIATE_NEEDED,本文リンク0件。rakuten-poikatsu-kiso等への追加を推奨
rakuten-rebates-poikatsu,楽天リーベイツでポイ活する方法!公式ストア利用時のポイント経由術,shopping,10,55,MEDIUM,80,TOFU,FIX_MEDIUM,ORPHAN_CANDIDATE,被リンク0・本文リンク0の孤立記事。ポイントサイト経由の申込を促す内容でCTA追加の余地もある
rakuten-yahoo-hikaku,楽天市場とYahoo!ショッピングはどっちがお得?ポイ活視点で比較,shopping,15,65,LOW,85,MOFU,REVIEW,,本文リンク0件。rakuten-ichiba-toha・yahoo-shopping-tohaへのリンク追加を推奨
recruit-ponta,リクルートサービスでPontaポイントを貯める方法!予約・買い物で活用,shopping,45,80,LOW,85,BOFU,FIX_LOW,ORPHAN_CANDIDATE,じゃらんCTAは的確だが被リンク0件で流入が乏しい。ponta-kiso等関連記事からのリンク追加が必要
rentacar-yoyaku-poikatsu,レンタカー予約でポイ活する方法!旅行前に確認したい支払いと補償,shopping,55,25,MEDIUM,85,MOFU,FIX_MEDIUM,ORPHAN_CANDIDATE;AFFILIATE_OPPORTUNITY_MEDIUM,旅行前の予約・補償という商業的意図が明確だがCTAが皆無、かつ被リンクも0件
ryokou-yoyaku-point,旅行予約でポイントを貯める方法!ホテル・航空券・予約サイト活用術,shopping,65,15,HIGH,88,MOFU,FIX_HIGH,AFFILIATE_OPPORTUNITY_HIGH,ホテル・航空券予約という強い商業意図の比較記事だがCTAが皆無。じゃらん等既存アフィリエイト案件へのCTA追加が急務
seims-point,ドラッグセイムスのポイントを解説|セイムスポイントカードと楽天ポイントの関係,shopping,55,75,NONE,85,TOFU,KEEP,NO_AFFILIATE_NEEDED,適切な内部リンク1件、公式情報ベースの情報提供記事
seiyu-poikatsu,西友でお得に買い物する方法!ネットスーパーと店舗利用のポイント,shopping,15,65,LOW,80,TOFU,FIX_MEDIUM,ORPHAN_CANDIDATE,被リンク0・本文リンク0。net-super-poikatsu等への追加を推奨
seven-eleven-point,セブン-イレブンでポイントを貯める方法!nanacoとアプリ活用の基本,shopping,15,70,NONE,80,TOFU,FIX_MEDIUM,ORPHAN_CANDIDATE;NO_AFFILIATE_NEEDED,被リンク0・本文リンク0。関連記事への追加を推奨
sevennet-shopping-poikatsu,セブンネットショッピングとは?セブン‐イレブン受け取りで送料無料になる通販サイト,shopping,40,90,LOW,88,BOFU,FIX_LOW,ORPHAN_CANDIDATE,CTA2箇所は適切な配置と頻度だが被リンク0件で流入経路が乏しい
shein-poikatsu-chuuiten,SHEINでポイ活する時の注意点!海外通販で見るべき費用とポイント,shopping,15,30,MEDIUM,82,MOFU,FIX_MEDIUM,ORPHAN_CANDIDATE;AFFILIATE_OPPORTUNITY_MEDIUM,海外通販利用の注意点記事だがCTAなし・被リンクも0件。SHEINのアフィリエイトプログラムがあればCTA追加を検討
shinseikatsu-poikatsu-checklist,新生活のポイ活チェックリスト!家具・家電・日用品をお得にそろえる方法,shopping,40,85,LOW,85,BOFU,FIX_LOW,ORPHAN_CANDIDATE,アイリスプラザCTAは家具・日用品という主題と一致するが被リンク0件
shukuhaku-yoyaku-point,宿泊予約サイトでポイントを取りこぼさない方法!予約前の比較ポイント,shopping,80,15,HIGH,88,MOFU,FIX_HIGH,ORPHAN_CANDIDATE;AFFILIATE_OPPORTUNITY_HIGH,複数の宿泊予約サイトを比較する強い商業意図の記事だがCTAが皆無、かつ被リンクも0件。CTA追加が急務
softbank-ymobile-paypay-point,SoftBank・Y!mobileならPayPayポイント?相性の良いサービスを比較,shopping,90,70,LOW,90,MOFU,KEEP,,内部リンクが非常に充実した優良な比較記事
souryou-son-poikatsu,送料で損しないポイ活術!送料無料ラインとまとめ買いの考え方,shopping,15,70,NONE,82,TOFU,REVIEW,NO_AFFILIATE_NEEDED,本文リンク0件。jisshitsu-kakaku-keisan等への相互リンクを推奨
starbucks-poikatsu,スタバのポイント「Star」はどう貯まる?貯め方・交換先・有効期限を解説,shopping,65,75,NONE,88,TOFU,FIX_LOW,ORPHAN_CANDIDATE;NO_AFFILIATE_NEEDED,本文リンクは概ね妥当だが被リンく0件で流入経路が乏しい
subscription-point-tameru,サブスク料金でポイントを貯める方法!動画・音楽・クラウドサービスの支払い術,shopping,60,70,LOW,85,MOFU,FIX_LOW,ORPHAN_CANDIDATE,LeminoCTAは動画サブスクという主題の一部に一致するが被リンク0件
sugi-point,スギ薬局のポイント制度!スギポイントの貯め方と使い方,shopping,55,75,NONE,85,TOFU,KEEP,NO_AFFILIATE_NEEDED,
suica-point-tameru,Suicaでポイントを貯める方法!JRE POINT登録から使い方まで解説,shopping,15,70,NONE,82,TOFU,REVIEW,NO_AFFILIATE_NEEDED,本文リンク0件。jre-point-kiso等への追加を推奨
sukairaku-group-poikatsu,すかいらーくグループでポイ活する方法!外食前のアプリ確認術,shopping,10,70,NONE,80,TOFU,FIX_MEDIUM,ORPHAN_CANDIDATE;NO_AFFILIATE_NEEDED,被リンク0・本文リンク0の孤立記事。famiresu-cafe-point等への相互リンクが必要
sumaho-kessai-poikatsu,スマホ決済でポイ活する方法!PayPay・楽天ペイ・d払いの使い分け,shopping,50,70,LOW,85,TOFU,REVIEW,,paypay-point-kiso等の基礎記事への追加リンクが望ましい
super-point-tameru,スーパーでポイントを貯める方法!日用品の買い物を節約につなげるコツ,shopping,10,70,NONE,80,TOFU,FIX_MEDIUM,ORPHAN_CANDIDATE;NO_AFFILIATE_NEEDED,被リンク0・本文リンク0の孤立記事。rakuten-point-supermarket等への相互リンクが必要
takashimaya-online-toha,高島屋オンラインストアとは?特徴とポイントの貯め方をわかりやすく解説,shopping,30,55,MEDIUM,85,BOFU,REVIEW,,CTAが非アフィリエイトの公式直リンク。提携プログラムの有無を確認し可能ならアフィリエイト化
takuhai-delivery-poikatsu,宅配・デリバリーでポイ活する方法!割引とポイントの使い分け,shopping,10,30,MEDIUM,82,MOFU,FIX_MEDIUM,ORPHAN_CANDIDATE;AFFILIATE_OPPORTUNITY_MEDIUM,被リンク0の孤立記事。デリバリーアプリのアフィリエイト案件があればCTA追加を検討
tsukin-teiki-koutsuhi-point,通勤定期・交通費でポイントを貯める方法!毎月の移動費を見直そう,shopping,10,70,NONE,80,TOFU,FIX_MEDIUM,ORPHAN_CANDIDATE;NO_AFFILIATE_NEEDED,被リンク0・本文リンク0の孤立記事。suica-point-tameru等への相互リンクが必要
tsuruha-point,ツルハのポイント制度!ツルハポイントカードと楽天ポイントの併用,shopping,55,75,NONE,85,TOFU,KEEP,NO_AFFILIATE_NEEDED,
uniqlo-gu-point,ユニクロ・GUでポイントは貯まる?衣類購入でできる節約チェック,shopping,60,45,MEDIUM,82,MOFU,FIX_MEDIUM,ORPHAN_CANDIDATE;AFFILIATE_OPPORTUNITY_MEDIUM,ポイントサイト経由の活用を紹介しているがハピタス/モッピーの案件記事(CTA)への導線がなく被リンクも0件
v-point-supermarket,Vポイントが貯まるスーパー一覧|使える店舗・地域スーパーも比較,shopping,75,70,LOW,88,MOFU,KEEP,,../category/supermarketへのリンクがやや重複
visa-touch-poikatsu,Visaタッチ決済でポイ活する方法!対象店舗と支払い前の確認ポイント,shopping,15,70,NONE,80,TOFU,REVIEW,NO_AFFILIATE_NEEDED,本文リンク0件。code-kessai-4sha-hikaku等への追加を推奨
vpoint-kiso,Vポイントとは?旧Tポイントとの違いとポイ活での使い方,shopping,15,70,LOW,85,TOFU,REVIEW,,被リンク2件のハブ的記事だが本文リンク0件。vpoint-tameru-tsukau等への追加を推奨
vpoint-no-carrier,Vポイントと携帯キャリアの関係|ドコモ・au・ソフトバンクでも使える?,shopping,85,55,MEDIUM,88,MOFU,REVIEW,AFFILIATE_OPPORTUNITY_MEDIUM,三井住友カードとの相性を紹介しているがカード申込へのCTAがない
vpoint-rakuten-hikaku,Vポイントと楽天ポイントはどっちが使いやすい?生活圏別に比較,shopping,15,65,LOW,85,MOFU,REVIEW,,複数記事から参照されるハブだが本文リンク0件。vpoint-kiso等への追加を推奨
vpoint-tamaranai,Vポイントが貯まらない原因は?よくあるミスと確認ポイント,shopping,10,70,NONE,80,TOFU,FIX_MEDIUM,ORPHAN_CANDIDATE;NO_AFFILIATE_NEEDED,被リンク0・本文リンク0の孤立記事。vpoint-kiso等への相互リンクが必要
vpoint-tameru-tsukau,Vポイントの貯め方と使い方!コンビニ・カード・アプリ活用術,shopping,15,70,NONE,82,TOFU,REVIEW,NO_AFFILIATE_NEEDED,本文リンク0件。vpoint-kiso等への追加を推奨
vpoint-tasha-koukan,Vポイントを他社ポイントへ交換する方法!交換先の選び方と注意点,shopping,15,70,NONE,85,MOFU,REVIEW,NO_AFFILIATE_NEEDED,被リンク3件のハブだが本文リンク0件。vpoint-kiso等への追加を推奨
waon-point-chigai,WAON POINTと電子マネーWAONポイントの違いは?初心者向けに整理,shopping,10,70,NONE,80,TOFU,FIX_MEDIUM,ORPHAN_CANDIDATE;NO_AFFILIATE_NEEDED,被リンク0・本文リンク0の孤立記事。waon-point-kisoへの相互リンクが必要
waon-point-kiso,WAON POINTの貯め方を解説!イオンで得するポイ活の基本,shopping,10,70,NONE,82,TOFU,FIX_MEDIUM,ORPHAN_CANDIDATE;NO_AFFILIATE_NEEDED,被リンク0・本文リンク0の孤立記事。waon-point-chigaiへの相互リンクが必要
welcia-point,ウエルシアのポイント制度!WAON POINT・Vポイントと「ウエル活」の仕組み,shopping,70,75,NONE,88,TOFU,KEEP,NO_AFFILIATE_NEEDED,
welkatsu-poikatsu,ウエル活とは?ドラッグストアでポイントを活用する基本と注意点,shopping,55,75,NONE,85,TOFU,KEEP,NO_AFFILIATE_NEEDED,welcia-pointへの相互リンクがあるとより良い
yachin-point-chuui,家賃支払いでポイントは貯まる?対応サービスと注意点を解説,shopping,10,65,LOW,80,TOFU,FIX_MEDIUM,ORPHAN_CANDIDATE,被リンク0・本文リンク0の孤立記事。関連記事へのリンク追加が必要
yahoo-shopping-paypay,Yahoo!ショッピングでPayPayポイントを貯める方法!買い物前のチェックリスト,shopping,10,15,HIGH,85,MOFU,FIX_HIGH,ORPHAN_CANDIDATE;AFFILIATE_OPPORTUNITY_HIGH,Yahoo!ショッピング利用が主題なのにyahoo-shopping-toha(アフィリエイトCTA有)へのリンクがなく機会損失。至急リンク・CTA追加を推奨
yahoo-shopping-toha,Yahoo!ショッピングとは?特徴とポイントの貯め方をわかりやすく解説,shopping,40,90,LOW,90,BOFU,KEEP,,被リンク185件の主要ハブ。CTA2箇所は適切
yodobashi-toha,ヨドバシ.comとは?特徴とポイントの貯め方をわかりやすく解説,shopping,40,55,MEDIUM,88,BOFU,REVIEW,,被リンク173件の主要ハブだがCTAが非アフィリエイト。提携プログラムの確認を推奨
zozotown-poikatsu,ZOZOTOWNでポイ活する方法!服を買う前に確認したい支払いと送料,shopping,10,15,HIGH,85,MOFU,FIX_HIGH,ORPHAN_CANDIDATE;AFFILIATE_OPPORTUNITY_HIGH,購入前チェックという商業意図の強い記事だがCTA・内部リンクが皆無かつ被リンクも0件。ZOZOTOWNのアフィリエイト案件があればCTA追加が急務
amefri-poikatsu,アメフリとは?すきま時間で貯まるポイントサイトの特徴を解説,pointsite,15,95,NONE,90,BOFU,KEEP,,自社レビュー記事としてCTAは適切。ただし本文中に内部リンクが0本で関連記事への導線がない。
browser-kakuchou-poikatsu,ブラウザ拡張機能でポイ活を便利にする方法!使いすぎない管理術,pointsite,10,100,NONE,85,TOFU,REVIEW,ORPHAN_CANDIDATE,情報提供記事でCTA不要。inboundCountが0のため関連記事枠・人気記事枠への追加を推奨。
campaign-memo-tsukurikata,キャンペーンメモの作り方!エントリー忘れを減らすポイ活管理術,pointsite,10,100,NONE,85,TOFU,REVIEW,ORPHAN_CANDIDATE,情報提供記事でCTA不要。inboundCount0で他記事から一切リンクされていない。
cashless-fuan-poikatsu,キャッシュレスが不安な人向けポイ活!現金感覚で使うための管理方法,pointsite,10,100,NONE,84,TOFU,REVIEW,ORPHAN_CANDIDATE,情報提供記事でCTA不要。inboundCount0で被リンクなし。
chihou-zaijuu-poikatsu,地方在住者のポイ活術!使える店舗が少ない時のポイント活用法,pointsite,10,100,NONE,84,TOFU,REVIEW,ORPHAN_CANDIDATE,情報提供記事でCTA不要。inboundCount0で被リンクなし。
chobirich-poikatsu,ちょびリッチとは?評判・特徴からポイントの貯め方まで徹底解説,pointsite,15,95,NONE,90,BOFU,KEEP,,自社レビュー記事としてCTAは適切。本文内部リンクは0本。
chobirich-tsukaikata,ちょびリッチの使い方!ポイントサイト初心者が見るべき案件と交換先,pointsite,15,95,NONE,88,BOFU,REVIEW,ORPHAN_CANDIDATE,CTAは適切だが被リンクゼロ。ちょびリッチ本体記事や比較記事からの内部リンク追加を推奨。
ecnavi-poikatsu,ECナビとは?多彩な方法でポイントが貯まるポイントサイトの特徴を解説,pointsite,15,95,NONE,90,BOFU,KEEP,,自社レビュー記事としてCTAは適切。本文内部リンクは0本。
ecnavi-tsukaikata,ECナビでポイントを貯める方法!アンケートと買い物を組み合わせるコツ,pointsite,15,95,NONE,87,BOFU,REVIEW,ORPHAN_CANDIDATE,CTAは適切だが被リンクゼロ。ECナビ本体記事からの内部リンク追加を推奨。
entry-calendar-tsukurikata,エントリーカレンダーの作り方!毎月のポイ活予定を見える化する,pointsite,10,100,NONE,84,TOFU,REVIEW,ORPHAN_CANDIDATE,情報提供記事でCTA不要。inboundCount0で被リンクなし。
fuyoyotei-point-mieruka,付与予定ポイントの見える化術!反映待ちを忘れないチェック習慣,pointsite,10,100,NONE,83,TOFU,REVIEW,ORPHAN_CANDIDATE,情報提供記事でCTA不要。inboundCount0で被リンクなし。
gakusei-poikatsu,学生でもできるポイ活!お金をかけずに始める安全な方法,pointsite,10,45,MEDIUM,86,TOFU,FIX_MEDIUM,AFFILIATE_OPPORTUNITY_MEDIUM;ORPHAN_CANDIDATE,学生向けの開始ガイドだが、具体的なポイントサイトの紹介・CTAが無く機会損失。おすすめサイトへの誘導追加を検討。被リンクもゼロ。
gendama-poikatsu,げん玉とは?ポイントの貯め方・交換方法をわかりやすく解説,pointsite,15,88,NONE,88,BOFU,REVIEW,ORPHAN_CANDIDATE,CTAは適切だが1箇所のみ、かつ被リンクゼロ。記事末尾への2つ目のCTA追加と内部リンク獲得を推奨。
hajimeni-tameru-point,ポイ活初心者が最初に貯めるべきポイントはどれ?主要ポイントを比較,pointsite,10,45,MEDIUM,88,MOFU,FIX_MEDIUM,AFFILIATE_OPPORTUNITY_MEDIUM;ORPHAN_CANDIDATE,主要ポイント比較記事だが関連するクレジットカードや証券・ポイントサイト等への誘導が無い。比較先の案件記事へのリンク・CTA追加を検討。
hapitas-poikatsu,ハピタスとは?ポイント還元率・交換方法・登録方法をわかりやすく解説,pointsite,15,95,NONE,92,BOFU,KEEP,,自社レビュー記事としてCTAは適切。本文内部リンクは0本。
hapitas-tsukaikata,ハピタスの使い方を初心者向けに解説!案件選びとポイント交換の基本,pointsite,15,95,NONE,88,BOFU,REVIEW,ORPHAN_CANDIDATE,CTAは適切だが被リンクゼロ。ハピタス本体記事からの内部リンク追加を推奨。
hitorigurashi-poikatsu,一人暮らしのポイ活術!固定費と日用品をポイントで節約する方法,pointsite,10,65,LOW,85,TOFU,FIX_LOW,ORPHAN_CANDIDATE,一人暮らし向け節約Tips記事。具体的なポイントサイト紹介や関連記事への内部リンクがあるとより実用的。被リンクもゼロ。
hoken-soudan-anken-poikatsu,保険相談案件のポイ活とは?面談前に知っておきたいメリットと注意点,pointsite,90,20,HIGH,90,MOFU,FIX_HIGH,AFFILIATE_OPPORTUNITY_HIGH;ORPHAN_CANDIDATE,保険相談案件という高単価ジャンルを詳しく解説しているにもかかわらずアフィリエイトCTAが一切なく、hasDisclosureもfalse。該当案件を扱うポイントサイトへのCTA・PR表記追加を最優先で推奨。本文内部リンクは5本で質・関連性ともに良好。
ichinichi-10pun,ポイ活を1日10分で続ける方法!忙しい人向けの時短ルーティン,pointsite,10,100,NONE,84,TOFU,REVIEW,ORPHAN_CANDIDATE,情報提供記事でCTA不要。inboundCount0で被リンクなし。
isogashii-kaishain-shuumatsu-poikatsu,忙しい会社員の週末ポイ活ルーティン!平日に追わない管理方法,pointsite,10,100,NONE,83,TOFU,REVIEW,ORPHAN_CANDIDATE,情報提供記事でCTA不要。inboundCount0で被リンクなし。
kaigai-zaijuu-point-kanri,海外在住者が日本のポイントを管理する方法!帰国時に使う前提の考え方,pointsite,10,100,NONE,85,TOFU,REVIEW,ORPHAN_CANDIDATE,情報提供記事でCTA不要。inboundCount0で被リンクなし。
kaimono-nigate-poikatsu,買い物が苦手な人のポイ活術!比較しすぎずに得するシンプル運用,pointsite,10,65,LOW,84,TOFU,FIX_LOW,ORPHAN_CANDIDATE,シンプル運用Tips記事。具体的なポイントサイト紹介や関連記事への内部リンクの余地あり。被リンクもゼロ。
kazoku-account-poikatsu-chuui,家族アカウントでポイ活する時の注意点!規約確認とトラブル防止,pointsite,10,100,NONE,86,TOFU,REVIEW,ORPHAN_CANDIDATE,注意喚起系の情報提供記事でCTA不要。inboundCount0で被リンクなし。
kazoku-poikatsu,家族でポイ活する方法!ポイントをまとめて効率よく貯めるコツ,pointsite,10,45,MEDIUM,85,TOFU,FIX_MEDIUM,AFFILIATE_OPPORTUNITY_MEDIUM;ORPHAN_CANDIDATE,メインポイントの決め方に言及しているが具体的サービスへのCTAが無く機会損失。被リンクもゼロ。
keiyu-wasure-boushi,ポイントサイト経由忘れを防ぐ方法!買い物前チェックを習慣化するコツ,pointsite,10,100,NONE,85,TOFU,KEEP,,情報提供記事として妥当でCTA不要。被リンクは2本あり孤立していない。
kosodate-setai-poikatsu,子育て世帯のポイ活術!おむつ・ミルク・学用品をお得に買う方法,pointsite,10,65,LOW,84,TOFU,FIX_LOW,ORPHAN_CANDIDATE,子育て世帯向け節約Tips記事。関連ポイントサイトへの軽い誘導余地あり。被リンクもゼロ。
koteihi-sukunai-poikatsu,固定費が少ない人のポイ活術!少額支出でも効率よく貯める方法,pointsite,10,65,LOW,83,TOFU,REVIEW,,被リンクはあるが本文リンク・CTAともに無し。関連ポイントサイト記事への軽い誘導を検討可。
kurumanashi-seikatsu-poikatsu,車なし生活のポイ活術!交通・ネット通販・日用品で節約する方法,pointsite,10,65,LOW,84,TOFU,FIX_LOW,ORPHAN_CANDIDATE,車なし生活向け節約Tips記事。関連記事への内部リンクの余地あり。被リンクもゼロ。
minimalist-poikatsu,ミニマリスト向けポイ活!買わない生活でもポイントを活かす方法,pointsite,10,65,LOW,84,TOFU,FIX_LOW,ORPHAN_CANDIDATE,ミニマリスト向けTips記事。関連記事への内部リンクの余地あり。被リンクもゼロ。
moppy-hajimekata,モッピーでポイ活を始める方法!高還元案件を見る前の確認ポイント,pointsite,10,20,HIGH,89,BOFU,FIX_HIGH,AFFILIATE_OPPORTUNITY_HIGH,モッピー個別の開始方法解説記事(BOFU)なのにCTA・アフィリエイトリンクが皆無、hasDisclosureもfalse。最優先でモッピーへのCTA設置とPR表記追加を推奨。被リンクは2本あり孤立はしていない。
muryou-kaiin-touroku-poikatsu,無料会員登録案件でポイ活する方法とは?登録前後の確認ポイントを解説,pointsite,10,45,MEDIUM,84,TOFU,FIX_MEDIUM,AFFILIATE_OPPORTUNITY_MEDIUM;ORPHAN_CANDIDATE,無料会員登録案件の仕組み解説記事。具体的な案件・ポイントサイトへの誘導が無く機会損失。被リンクもゼロ。
nifty-point-club-poikatsu,ニフティポイントクラブの活用術!ネット利用者向けのポイ活基本,pointsite,10,20,HIGH,86,BOFU,FIX_HIGH,AFFILIATE_OPPORTUNITY_HIGH,特定サービス(ニフティポイントクラブ)の活用術記事(BOFU)だがCTAが皆無、hasDisclosureもfalse。優先的にCTA・PR表記追加を推奨。被リンクは1本あり。
poikatsu-demerit,ポイ活のデメリットとは?時間・個人情報・無駄買いのリスクを解説,pointsite,10,100,NONE,86,TOFU,REVIEW,ORPHAN_CANDIDATE,情報提供記事でCTA不要。inboundCount0で被リンクなし。
poikatsu-kakeibo,ポイ活を家計簿に活かす方法!ポイントを収入ではなく節約として管理する,pointsite,10,100,NONE,85,TOFU,REVIEW,ORPHAN_CANDIDATE,情報提供記事でCTA不要。inboundCount0で被リンクなし。
poikatsu-kiso,ポイ活とは?初心者が最初に知っておきたい仕組みと始め方,pointsite,15,100,NONE,90,TOFU,REVIEW,,4記事から被リンクのある基幹記事だが本文からのアウトバウンドリンクが0本。主要ポイントサイトレビュー記事への内部リンク追加で回遊性向上が見込める。
poikatsu-kojinjouhou-mamoru,ポイ活で個人情報を守る方法!登録前に確認したい安全チェック,pointsite,10,100,NONE,86,TOFU,KEEP,,注意喚起系の情報提供記事として妥当。CTA不要。被リンクも1本あり孤立していない。
poikatsu-kuchikomi-shinyou,ポイ活の口コミは信用できる?体験談を見る時のチェックポイント,pointsite,10,100,NONE,85,TOFU,REVIEW,ORPHAN_CANDIDATE,情報提供記事でCTA不要。inboundCount0で被リンクなし。
poikatsu-mail-tsuuchi-seiri,ポイ活メール通知の整理術!必要なキャンペーンだけ見逃さない方法,pointsite,45,100,NONE,85,TOFU,REVIEW,ORPHAN_CANDIDATE,内部リンク2本はいずれも同一記事(専用メールアドレス記事)への重複。他の関連記事にも分散すると回遊性が向上。被リンクもゼロ。
poikatsu-minaoshi-timing,ポイ活の見直しタイミングはいつ?使わないサービスを整理する方法,pointsite,10,100,NONE,84,TOFU,REVIEW,ORPHAN_CANDIDATE,情報提供記事でCTA不要。inboundCount0で被リンクなし。
poikatsu-muki-fumuki,ポイ活で節約できる人・できない人の違い!向き不向きを解説,pointsite,10,100,NONE,84,TOFU,REVIEW,ORPHAN_CANDIDATE,情報提供記事でCTA不要。inboundCount0で被リンクなし。
poikatsu-nenkan-keikaku,ポイ活の年間計画を作る方法!セール時期と固定費を整理しよう,pointsite,15,25,MEDIUM,85,MOFU,FIX_MEDIUM,AFFILIATE_OPPORTUNITY_MEDIUM;ORPHAN_CANDIDATE,セール時期や固定費支払いの整理を扱う内容だが、具体的なポイントサイトへの内部リンク・CTAが皆無。被リンクも0件で孤立している。
poikatsu-ranking-hanteikijun,ポイ活でおすすめランキングを見る前に!順位より大切な判断基準,pointsite,15,25,MEDIUM,88,MOFU,FIX_MEDIUM,AFFILIATE_OPPORTUNITY_MEDIUM;ORPHAN_CANDIDATE,ランキング比較の直前に読まれる可能性が高い記事だが、実際のポイントサイト個別記事への内部リンクがなく比較→個別の導線が途切れている。
poikatsu-senyou-mail-hitsuyou,ポイ活専用メールアドレスは必要?登録管理をラクにする考え方,pointsite,20,100,NONE,82,TOFU,REVIEW,NO_AFFILIATE_NEEDED,運用ノウハウの情報記事でCTA不要は妥当。ただし本文からの内部リンクが0件で関連記事への導線がない。
poikatsu-taikai-mae-kakunin,ポイ活サービスを退会する前に確認すること!ポイント失効を防ぐ手順,pointsite,60,100,NONE,85,TOFU,FIX_LOW,NO_AFFILIATE_NEEDED;ORPHAN_CANDIDATE,有効期限管理・履歴確認への内部リンク2件は関連性が高く良好。ただし自身への被リンクが0件で発見されにくい。
poikatsu-tsukarenai-kotsu,ポイ活で疲れないコツ!キャンペーン追いすぎを防ぐシンプル運用,pointsite,15,100,NONE,80,TOFU,FIX_LOW,NO_AFFILIATE_NEEDED;ORPHAN_CANDIDATE,内部リンク0件、被リンクも0件で完全に孤立した記事。
poikatsu-yasumu-kijun,ポイ活を休む判断基準とは?疲れた時に手放していい作業を解説,pointsite,15,100,NONE,80,TOFU,FIX_LOW,NO_AFFILIATE_NEEDED;ORPHAN_CANDIDATE,poikatsu-tsukarenai-kotsuと近いテーマだが相互リンクがなく孤立している。
poikatsu-yattehaikenai-koto,ポイ活でやってはいけないこと!規約違反・不正利用・危険な案件に注意,pointsite,15,100,NONE,85,TOFU,FIX_LOW,NO_AFFILIATE_NEEDED;ORPHAN_CANDIDATE,poikatsu-kojinjouhou-mamoruやpointsite-kyakka-genin等、関連度の高い注意喚起記事への内部リンクがない。
poikatsu-yuusenjyuni,ポイ活の優先順位を決める方法!時間効率の良い案件と買い物の選び方,pointsite,15,25,MEDIUM,83,MOFU,FIX_MEDIUM,AFFILIATE_OPPORTUNITY_MEDIUM;ORPHAN_CANDIDATE,高還元案件の注意点に触れているのにpointsite-kougaku-ankenへの内部リンクがなく、具体的サービスへの導線もない。
point-museum-poikatsu,ポイントミュージアムとは?安全性・交換条件・特徴をわかりやすく解説,pointsite,55,95,NONE,92,BOFU,KEEP,,被リンク72件の主要ハブ記事。自己参照アフィリエイトCTAは適切で開示表記もあり。ただし内部リンクが同一記事への重複のみで多様性に欠ける。
point-rireki-mikata,ポイント履歴の見方を解説!獲得・利用・失効を確認する手順,pointsite,20,100,NONE,85,TOFU,REVIEW,NO_AFFILIATE_NEEDED,point-shuushihyou-tsukurikata(収支表の作り方)と関連性が高いテーマだが内部リンクがない。
point-shuushihyou-tsukurikata,ポイント収支表の作り方!貯める・使う・失効を見える化する方法,pointsite,15,100,NONE,83,TOFU,FIX_LOW,NO_AFFILIATE_NEEDED;ORPHAN_CANDIDATE,point-rireki-mikataと相互に関連性が高いが双方向リンクがなく、被リンクも0件。
point-toiawase-junbi,ポイント問い合わせの準備方法!必要情報をそろえてスムーズに確認する,pointsite,20,100,NONE,84,TOFU,REVIEW,NO_AFFILIATE_NEEDED,pointsite-kyakka-geninから被リンクがあり発見性は良好だが、自身の内部リンクは0件。
pointincome-poikatsu,ポイントインカムとは?アプリでも貯まるポイントサイトの特徴を解説,pointsite,30,95,NONE,90,BOFU,REVIEW,,被リンク72件の主要ハブ記事。自己参照CTAは適切だが、姉妹記事pointincome-tsukaikataへの内部リンクがなくシリーズ内回遊が弱い。
pointincome-tsukaikata,ポイントインカムの特徴とは?買い物・ゲーム・案件を使い分ける方法,pointsite,25,90,NONE,88,BOFU,FIX_LOW,ORPHAN_CANDIDATE,被リンク0件でpointincome-poikatsuへの内部リンクもなく孤立気味。CTA自体は自己参照で適切。
pointsite-kougaku-anken,ポイントサイトの高額案件を見る前に!口座開設・カード案件の注意点,pointsite,15,25,MEDIUM,86,MOFU,FIX_MEDIUM,AFFILIATE_OPPORTUNITY_MEDIUM,高額案件への注意喚起記事で、信頼できるポイントサイトへの案内・CTAがあれば自然な導線になる。
pointsite-kyakka-genin,ポイントサイトで却下される原因は?承認条件の読み方を初心者向けに解説,pointsite,70,100,NONE,90,TOFU,KEEP,,内部リンク10件と充実し、CTAなしも情報提供記事として妥当。FAQ内の主要ポイントサイト単語アンカー7件はやや機械的で関連度3程度にとどまる。
roadmap,ポイ活初心者向けロードマップ!登録から初回ポイント獲得までの流れ,pointsite,10,10,HIGH,88,MOFU,FIX_HIGH,AFFILIATE_OPPORTUNITY_HIGH;ORPHAN_CANDIDATE,登録〜初回ポイント獲得という最重要のコンバージョン導線記事にもかかわらず内部リンク・CTAが皆無で、被リンクも0件。最優先で改善すべき。
ryokou-zuki-poikatsu-keikaku,旅行好きのポイ活計画!普段の買い物を旅費に近づける考え方,pointsite,15,25,MEDIUM,82,MOFU,FIX_MEDIUM,AFFILIATE_OPPORTUNITY_MEDIUM;ORPHAN_CANDIDATE,マイル交換に強いポイントサイトへの言及・CTAがあれば自然だが現状は内部リンク・CTAともになし。
screenshot-hozon-poikatsu-miss,スクリーンショット保存でポイ活ミスを減らす方法!残すべき画面を解説,pointsite,15,100,NONE,80,TOFU,FIX_LOW,NO_AFFILIATE_NEEDED;ORPHAN_CANDIDATE,point-toiawase-junbiやpointsite-kyakka-geninとの関連性が高いが内部リンクがなく孤立している。
senior-poikatsu,シニア向けポイ活入門!スマホが苦手でも始めやすいポイント活用,pointsite,15,25,MEDIUM,83,MOFU,FIX_MEDIUM,AFFILIATE_OPPORTUNITY_MEDIUM;ORPHAN_CANDIDATE,シニア層向け入門記事だが、始めやすい具体的サービスへの内部リンク・CTAがない。
setsuyaku-nigate-poikatsu-nyumon,節約が苦手な人のポイ活入門!頑張らずに支出を見える化する方法,pointsite,15,25,MEDIUM,83,MOFU,FIX_MEDIUM,AFFILIATE_OPPORTUNITY_MEDIUM;ORPHAN_CANDIDATE,節約苦手層向け入門記事だが具体的サービス紹介・CTAがない。
shippai-shinai-hajimekata,ポイ活で失敗しない始め方!初心者がやりがちな勘違いを解説,pointsite,15,25,MEDIUM,87,MOFU,FIX_MEDIUM,AFFILIATE_OPPORTUNITY_MEDIUM;ORPHAN_CANDIDATE,登録直前層に近い内容にもかかわらずCTA・内部リンクがない。roadmapと合わせて優先対応候補。
shiryouseikyuu-anken-poikatsu,資料請求案件でポイ活する方法!申し込み前に確認したい注意点,pointsite,20,100,NONE,84,TOFU,REVIEW,NO_AFFILIATE_NEEDED,hoken-soudan-anken-poikatsuから被リンクがあり発見性は良好。pointsite-kyakka-geninへの内部リンクがあるとさらに良い。
shufu-shufu-poikatsu,主婦・主夫におすすめのポイ活!日用品とスーパーで無理なく節約,pointsite,15,25,MEDIUM,82,MOFU,FIX_MEDIUM,AFFILIATE_OPPORTUNITY_MEDIUM;ORPHAN_CANDIDATE,主婦・主夫向け入門記事だが具体的サービスへの導線がない。
subscription-trial-poikatsu,サブスク無料トライアル案件のポイ活!解約忘れを防ぐ管理方法,pointsite,15,100,NONE,83,TOFU,FIX_LOW,NO_AFFILIATE_NEEDED;ORPHAN_CANDIDATE,注意喚起記事としてCTAなしは妥当だが孤立しており内部リンクもない。
tanshinfunin-poikatsu,単身赴任中のポイ活術!二重生活の支出をポイントで軽くする方法,pointsite,15,25,MEDIUM,81,MOFU,FIX_MEDIUM,AFFILIATE_OPPORTUNITY_MEDIUM;ORPHAN_CANDIDATE,単身赴任者向け入門記事だが具体的サービス紹介・CTAがない。
tomobataraki-katei-poikatsu,共働き家庭のポイ活術!忙しくても続く支払い管理と役割分担,pointsite,15,25,MEDIUM,81,MOFU,FIX_MEDIUM,AFFILIATE_OPPORTUNITY_MEDIUM;ORPHAN_CANDIDATE,共働き家庭向け入門記事だが具体的サービス紹介・CTAがない。
toshibu-zaijuu-poikatsu,都市部在住者のポイ活術!店舗・交通・外食を使い分ける方法,pointsite,15,25,MEDIUM,81,MOFU,FIX_MEDIUM,AFFILIATE_OPPORTUNITY_MEDIUM;ORPHAN_CANDIDATE,都市部在住者向け入門記事だが具体的サービス紹介・CTAがない。
tsukihatsu-tsukimatsu-poikatsu-routine,月初・月末のポイ活ルーティン|ポイント失効・キャンペーンを10分で確認,pointsite,60,100,NONE,88,TOFU,FIX_LOW,NO_AFFILIATE_NEEDED;ORPHAN_CANDIDATE,shoppingカテゴリ記事への内部リンク2件は関連性が高く良好だが、被リンくが0件で発見されにくい。
tsukiikura-setsuyaku,ポイ活で月いくら節約できる?目安金額と現実的な稼ぎ方,pointsite,15,25,MEDIUM,84,MOFU,FIX_MEDIUM,AFFILIATE_OPPORTUNITY_MEDIUM;ORPHAN_CANDIDATE,現実的な稼ぎ方を解説する内容だが、実際のサービス紹介・CTAがなく機会損失。
warau-poikatsu,ワラウとは?老舗ポイントサイトの貯め方・交換方法をわかりやすく解説,pointsite,30,95,NONE,90,BOFU,REVIEW,,被リンク72件の主要ハブ記事。自己参照CTAは適切だが、姉妹記事warau-tsukaikataへの内部リンクがなくシリーズ内回遊が弱い。
warau-tsukaikata,ワラウでできるポイ活とは?遊びながら貯める前に知りたい基本,pointsite,25,90,NONE,87,BOFU,FIX_LOW,ORPHAN_CANDIDATE,被リンク0件でwarau-poikatsuへの内部リンクもなく孤立気味。CTA自体は自己参照で適切。
yosekatsu,ポイ活の新常識!ポイントを分散せず効率よく貯める「寄せ活」の始め方,pointsite,25,25,MEDIUM,88,MOFU,FIX_MEDIUM,AFFILIATE_OPPORTUNITY_MEDIUM,キャリア比較記事群(8件)から被リンクされる重要な概念記事だが、寄せ先候補となる具体的ポイントサイトへの内部リンク・CTAがない。
aeoncompass-travelmall-poikatsu,イオンコンパストラベルモール(レンタカー予約)とは?WAON POINTを貯める方法,campaign,20,95,NONE,90,BOFU,KEEP,-,本文内リンクは無く単体サービス紹介+CTAで完結する構成。CTA(レンタカー予約)の関連性は高く収益面は良好。被リンクは28件と豊富。
aeoncompass-travelmall-yado-poikatsu,イオンコンパストラベルモール(宿泊予約)とは?WAON POINTが貯まる予約サービス,campaign,20,95,NONE,90,BOFU,KEEP,-,本文内リンクは無く単体サービス紹介+CTAで完結する構成。CTA(宿泊予約)の関連性は高く収益面は良好。被リンクは28件と豊富。
airtrip-poikatsu,エアトリポイントの使い道は?貯め方・有効期限をわかりやすく解説,campaign,55,95,NONE,90,BOFU,KEEP,-,本文リンクはairtrip-tsukaikataへ2箇所(同一ページ内で重複)。CTA関連性も高く収益面は良好。
airtrip-tsukaikata,エアトリで旅行予約ポイ活!航空券購入前に見るべき費用とポイント,campaign,50,95,NONE,85,BOFU,REVIEW,ANCHOR_TITLE_MISMATCH,airtrip-poikatsuへのリンクのアンカーテキストが旧タイトルのままで現行タイトルと不一致。リンク先自体の関連性・CTA関連性は高い。
ame-heijitsu-campaign-poikatsu,雨の日・平日限定キャンペーンのポイ活術!条件を見落とさないコツ,campaign,10,70,NONE,80,TOFU,FIX_LOW,ORPHAN_CANDIDATE;NO_AFFILIATE_NEEDED,本文内リンク・CTAともに0件、被リンクも0件の孤立記事。特定サービスに紐付かない一般的なポイ活術記事のためアフィリエイト自体は不要だが、関連する旅行・キャンペーン記事群への内部リンク追加が望ましい。
black-friday-poikatsu,ブラックフライデーで失敗しないポイ活!買うものリストと上限確認の基本,campaign,10,70,NONE,80,TOFU,FIX_LOW,ORPHAN_CANDIDATE;NO_AFFILIATE_NEEDED,本文内リンク・CTAともに0件、被リンクも0件。特定ECサービスへの言及があれば関連記事への内部リンク追加が望ましい。
bonus-tsuki-poikatsu-keikaku,ボーナス月のポイ活計画!大きな買い物で損しない予算管理,campaign,10,70,NONE,80,TOFU,FIX_LOW,ORPHAN_CANDIDATE;NO_AFFILIATE_NEEDED,予算管理という一般的なテーマで特定サービスへの誘導は不要。内部リンク・被リンクともに0件のため関連記事へのリンク追加が望ましい。
fukubukuro-hatsuuri-poikatsu,福袋・初売りでポイ活する方法!お得に見えて損しない選び方,campaign,10,70,NONE,80,TOFU,FIX_LOW,ORPHAN_CANDIDATE;NO_AFFILIATE_NEEDED,本文内リンク・CTAともに0件、被リンクも0件。一般的な選び方解説のためCTA不要だが内部リンク追加の余地あり。
fuyujitaku-poikatsu,冬支度のポイ活術!暖房家電・防寒用品をお得に準備する方法,campaign,10,70,NONE,80,TOFU,FIX_LOW,ORPHAN_CANDIDATE;NO_AFFILIATE_NEEDED,本文内リンク・CTAともに0件、被リンクも0件。特定店舗への誘導が無いためCTA不要だが内部リンク追加の余地あり。
ikkyu-poikatsu,一休.comでお得に予約する考え方!高級宿・レストラン利用時のポイント,campaign,10,15,HIGH,85,BOFU,FIX_HIGH,AFFILIATE_OPPORTUNITY_HIGH;ORPHAN_CANDIDATE,一休.comという特定サービスを扱う記事にもかかわらずアフィリエイトCTAが皆無、被リンクも0件。じゃらんnet・Yahoo!トラベル等の同カテゴリ記事と同様にCTA設置を優先すべき。
jalan-net-poikatsu,じゃらんnetとは?宿・ホテル予約でポイントが貯まる仕組みを解説,campaign,20,95,NONE,90,BOFU,KEEP,-,被リンク45件と非常に強いハブ記事。CTA関連性も高い。本文内リンクは無いが単体サービス紹介ページとして自然な構成。
jalan-tsukaikata,じゃらんでポイ活する方法!宿泊・遊び体験予約でポイントを貯めるコツ,campaign,20,95,NONE,85,BOFU,REVIEW,WEAK_INTERNAL_LINKING,airtrip-poikatsu⇔airtrip-tsukaikataのような相互リンクがjalan-net-poikatsuとの間に存在せず、被リンクはわずか2件。じゃらんnetの本文からじゃらんの使い方記事への導線追加を推奨。
jcb-airmacau-campaign-2026,JCB×マカオ航空キャンペーン!日本発マカオ行き航空券が8%OFF【2026年9〜10月】,campaign,65,45,MEDIUM,90,BOFU,REVIEW,CTA_OVERUSE;AFFILIATE_OPPORTUNITY_MEDIUM,同一の公式外部リンクを3箇所に設置(許容範囲内だが整理の余地あり)。マカオ航空券割引にはJCBカード保有が前提のため、JCBカードのアフィリエイトCTA追加を検討する余地がある。
kakuyasu-sim-norikae-poikatsu,格安SIM乗り換えでポイ活する方法!通信費を下げながら得する流れ,campaign,65,15,HIGH,85,MOFU,FIX_HIGH,AFFILIATE_OPPORTUNITY_HIGH;ORPHAN_CANDIDATE,本文内リンク7件と充実しているがCTAが1件も無い。格安SIM乗り換え(ahamo・楽天モバイル等)という明確な商業意図があるためCTA追加の優先度が高い。被リンクも0件。
kessan-sale-poikatsu,決算セールでポイ活する方法!家電・日用品をお得に買う判断基準,campaign,10,70,NONE,80,TOFU,FIX_LOW,ORPHAN_CANDIDATE;NO_AFFILIATE_NEEDED,家電量販店の決算セール全般を扱う一般記事。特定店舗への誘導が無いためCTA不要だが、内部リンク・被リンクともに0件で改善余地あり。
natsuyasumi-poikatsu-junbi,夏休み前のポイ活準備!旅行・レジャー・日用品を計画的に買う方法,campaign,10,70,NONE,80,TOFU,FIX_LOW,ORPHAN_CANDIDATE;NO_AFFILIATE_NEEDED,本文内リンク・CTAともに0件、被リンクも0件。夏休み前準備の一般解説記事で個別サービスへの誘導が無い。
nenmatsunenshi-poikatsu,年末年始のポイ活術!帰省・おせち・初売りで使える節約ポイント,campaign,10,70,NONE,80,TOFU,FIX_LOW,ORPHAN_CANDIDATE;NO_AFFILIATE_NEEDED,本文内リンク・CTAともに0件、被リンクも0件。年末年始の節約術という一般記事。
paypay-campaign-katsuyo,PayPayでポイントを効率よく貯める方法!キャンペーン活用の基本,campaign,20,70,NONE,85,MOFU,REVIEW,-,被リンクは3件あるが本文からの発リンクが0件。paypay-point-kiso・paypay-jichitai-campaign-2026等への内部リンク追加でトピッククラスターを強化できる。
paypay-jichitai-campaign-2026,【2026年10月〜】PayPay自治体キャンペーンまとめ!都城市・宮古島市の還元率・上限を解説,campaign,70,75,NONE,90,BOFU,KEEP,-,自治体キャンペーンのため公式サイトへの直接リンク(非アフィリエイト)が適切。本文内リンクも関連性が高い。
poikatsu-campaign-shippai-boushi,ポイ活キャンペーンで失敗しない方法!エントリー忘れと上限に注意,campaign,10,70,NONE,80,TOFU,FIX_LOW,ORPHAN_CANDIDATE;NO_AFFILIATE_NEEDED,キャンペーン失敗防止の一般的な注意記事。内部リンク・被リンクともに0件のため、個別キャンペーン記事群からの内部リンク追加が望ましい。
rakuten-travel-supersale-entry-coupon,楽天トラベルスーパーSALE攻略|エントリー条件とクーポン併用ルール,campaign,75,20,HIGH,90,BOFU,FIX_MEDIUM,AFFILIATE_OPPORTUNITY_HIGH,本文内リンク8件と非常に充実しているにもかかわらずCTAが0件。楽天トラベルのセール情報という強い商業意図があるため、楽天トラベル関連のアフィリエイトCTA追加を推奨。
rakuten-travel-supersale-poikatsu,楽天トラベルスーパーセールで失敗しないポイ活!予約前チェックリスト,campaign,55,20,HIGH,90,BOFU,FIX_MEDIUM,AFFILIATE_OPPORTUNITY_HIGH,楽天トラベルスーパーSALEの予約前チェックリスト記事だがCTAが無い。関連記事(rakuten-travel-supersale-entry-coupon)と合わせてCTA設置を検討。
sumaho-kessai-campaign-mikata,スマホ決済キャンペーンの見方!エントリー・上限・対象店舗を確認しよう,campaign,10,70,NONE,80,TOFU,FIX_LOW,ORPHAN_CANDIDATE;NO_AFFILIATE_NEEDED,スマホ決済キャンペーンの読み方という一般的な解説記事。PayPay関連記事群への内部リンク追加が望ましい。
tanjoubi-tokuten-poikatsu,誕生日特典を活用したポイ活!会員登録前に確認したい注意点,campaign,10,70,NONE,80,TOFU,FIX_LOW,ORPHAN_CANDIDATE;NO_AFFILIATE_NEEDED,誕生日特典全般の注意記事。特定サービスへの誘導が無いためCTA不要だが内部リンク・被リンクともに0件で改善余地あり。
travelist-kaigai-poikatsu,トラベリスト(海外航空券)とは?IATA認可代理店の予約サービスを解説,campaign,20,95,NONE,90,BOFU,KEEP,-,被リンク28件のハブ記事。CTA関連性も高く収益面は良好。
travelist-poikatsu,トラベリストとは?発券方法・ポイント還元・手数料をわかりやすく解説,campaign,45,95,NONE,90,BOFU,REVIEW,VAGUE_ANCHOR,travelist-kaigai-poikatsuへのアンカーテキストが「〜はこちら」で曖昧。CTA自体の関連性は高い。
yahoo-travel-poikatsu,Yahoo!トラベルとは?PayPayポイントが貯まる・使える宿泊予約サービス,campaign,20,95,NONE,90,BOFU,KEEP,-,被リンク34件と最も強いハブ記事の一つ。CTA関連性も高い。
yahoo-travel-tsukaikata,Yahoo!トラベルでポイントを活用する方法!宿泊予約前の確認ポイント,campaign,55,95,NONE,85,BOFU,KEEP,-,yahoo-travel-poikatsuへの関連性の高いリンクとCTAを保持。
yahoo-travel-ultrasale-poikatsu,Yahoo!トラベル「ウルトラセール」とは?最大3万円クーポン・PayPayポイント特典を解説,campaign,80,90,NONE,90,BOFU,FIX_MEDIUM,ORPHAN_CANDIDATE;CTA_OVERUSE,本文内リンク4件・CTA関連性も高く内容自体は良好だが、被リンくが0件で他記事からの導線が無い。yahoo-travel-poikatsu等からこの記事への内部リンク追加を推奨。同一CTAを3箇所設置(許容範囲内)。
dmm-kabu-poikatsu,DMM株とは?少額投資・低手数料が魅力の株式投資アプリを解説,kouza,20,95,NONE,90,BOFU,KEEP,-,単体サービス紹介記事としてCTA関連性は高い。被リンク7件。
docomo-ginkou-dpoint-poikatsu,ドコモの銀行でdポイントを貯める方法|dアカウント連携・還元条件,kouza,55,15,HIGH,85,BOFU,FIX_HIGH,AFFILIATE_OPPORTUNITY_HIGH;LINK_FORMAT_INCONSISTENT,銀行口座開設という明確な商業意図がある記事だがCTAが皆無。比較記事(point-tamaru-ginkou-hikaku)からもリンクされているため優先度が高い。dpoint-dharai-tamekataへのリンクhrefが相対パス形式で他記事と不統一。
fx-kouza-anken-poikatsu,FX口座案件のポイ活は注意が必要?高還元に飛びつく前の確認点,kouza,15,75,NONE,85,TOFU,FIX_LOW,ORPHAN_CANDIDATE;NO_AFFILIATE_NEEDED,FX口座案件のリスク啓発記事。注意喚起記事のためCTA不要は適切だが、内部リンク・被リンクともに0件で他の口座案件記事群と孤立している。
ginkou-kouza-poikatsu,銀行口座のポイ活とは?給与受取・口座振替で貯める基本,kouza,15,70,NONE,80,TOFU,FIX_LOW,ORPHAN_CANDIDATE;NO_AFFILIATE_NEEDED,銀行口座ポイ活の一般解説記事。同バッチ内のdocomo-ginkou-dpoint-poikatsu・point-tamaru-ginkou-hikaku・rakuten-ginkou-happy-programへの導線が無く、内部リンク追加の余地が大きい。
kasoshisan-kouza-anken-poikatsu,暗号資産口座案件でポイ活する時の注意点!口座開設前に見るべき条件,kouza,15,75,NONE,85,TOFU,FIX_LOW,ORPHAN_CANDIDATE;NO_AFFILIATE_NEEDED,暗号資産口座案件の注意喚起記事。CTA不要は適切だが内部リンク・被リンクともに0件。
matsui-shouken-ideco-poikatsu,松井証券のiDeCoとは?手数料0円・低コスト商品の特徴を解説,kouza,20,95,NONE,90,BOFU,KEEP,-,CTA関連性が高く収益面は良好。被リンク8件。
monex-shouken-toha,マネックス証券とは?特徴とポイントの貯め方をわかりやすく解説,kouza,50,95,NONE,90,BOFU,KEEP,-,比較記事へのリンクとCTAともに関連性が高い。
net-ginkou-poikatsu,ネット銀行を使ったポイ活術!振込・ATM・残高条件の見方,kouza,60,70,LOW,85,MOFU,KEEP,-,個別銀行記事(docomo-ginkou-dpoint-poikatsu、point-tamaru-ginkou-hikaku)への関連性の高い導線があるハブ的記事。CTAは無いが個別記事への誘導という役割分担として適切。
paypaysec-shouken-toha,PayPay証券とは?特徴とポイントの貯め方をわかりやすく解説,kouza,50,40,MEDIUM,90,BOFU,FIX_MEDIUM,AFFILIATE_OPPORTUNITY_MEDIUM,CTAが非アフィリエイトの公式直リンク。同カテゴリの他記事(DMM株・松井証券・楽天証券)はASP経由のアフィリエイトリンクを使用しており、PayPay証券のASPプログラム有無の確認を推奨。
point-tamaru-ginkou-hikaku,ポイントが貯まる銀行を比較!d・楽天・V・Ponta・PayPay系の選び方,kouza,80,65,MEDIUM,90,MOFU,REVIEW,-,比較ハブ記事として内部リンク4件はいずれも関連性が高く優良。ただしリンク先のdocomo-ginkou-dpoint-poikatsuとrakuten-ginkou-happy-programにCTAが無く、送客先で収益化されていない点が構造的な課題。
rakuten-ginkou-happy-program,楽天銀行ハッピープログラムの基本!銀行取引で楽天ポイントを貯める方法,kouza,85,15,HIGH,85,BOFU,FIX_HIGH,AFFILIATE_OPPORTUNITY_HIGH,本文内リンク6件と非常に充実しているが、楽天銀行という特定サービスを扱いながらCTAが皆無。比較記事からの被リンクもあるため優先的にCTA追加を検討。
rakuten-shouken-toha,楽天証券とは?特徴とポイントの貯め方をわかりやすく解説,kouza,50,95,NONE,90,BOFU,KEEP,-,CTA(TrafficGate)関連性が高く収益面は良好。
sbisec-shouken-toha,SBI証券とは?特徴とポイントの貯め方をわかりやすく解説,kouza,50,40,MEDIUM,90,BOFU,FIX_MEDIUM,AFFILIATE_OPPORTUNITY_MEDIUM,CTAが非アフィリエイトの公式直リンク。他の証券記事同様にASPアフィリエイトプログラムへの差し替えを検討。
shouken-kouza-anken-poikatsu,証券口座開設案件でポイ活する方法!投資前提で注意したい基本,kouza,55,40,NONE,85,MOFU,FIX_MEDIUM,MONETIZATION_MISMATCH;ORPHAN_CANDIDATE,本文では松井証券・DMM株を証券口座案件の例として挙げているが、CTAは無関係のマネックス証券(TCS-ASP)に誘導しており不一致。被リンクも0件。
ahamo-hikari-poikatsu,ahamo光とは?料金・dポイント特典・工事費無料の条件を解説,seikatsu,25,96,NONE,90,BOFU,REVIEW,LOW_BODY_LINKS,自社サービスへのアフィリエイトCTA(A8.net)2箇所は関連性が高く適切。本文内に他記事への内部リンクがなく、光回線比較やdポイント関連記事への導線がない点が惜しい。
ahamo-toha,ahamoとは?月額料金とdポイントの貯め方をわかりやすく解説,seikatsu,20,92,NONE,88,BOFU,REVIEW,LOW_BODY_LINKS,ahamo単体の解説記事。ドコモアフィリエイトCTAは適切。本文リンクがゼロで、格安SIM乗り換え記事等への相互リンクが弱い。
ana-hikari-poikatsu,ANAマイルが貯まる光回線が登場!「ANA光 powered by SoftBank」を徹底解説,seikatsu,10,25,HIGH,85,BOFU,FIX_HIGH,AFFILIATE_OPPORTUNITY_HIGH;ORPHAN_CANDIDATE,ANA公式サイトへの直リンクのみでアフィリエイト化されておらず、同カテゴリの光回線記事(auひかり・BIGLOBE光等)がASP経由で収益化されているのと対照的。inboundCountも0で他記事からのリンクが一切ない孤立記事。PR表記(hasDisclosure)も現状false。ASP案件の有無を確認しアフィリエイト化、内部リンクの追加、案件化した場合はPR表記の追加が必要。
anshin-security-toha,あんしんセキュリティとは?月額料金と機能をわかりやすく解説,seikatsu,10,92,NONE,86,BOFU,FIX_LOW,ORPHAN_CANDIDATE,ドコモアフィリエイトCTAは適切だが、inboundCount0で他記事から一切リンクされていない孤立記事。光回線・dポイント関連記事の関連リンクセクションへの追加を推奨。
auhikari-poikatsu,auひかりとは?NEXT経由の申込みでキャッシュバックが早いって本当?,seikatsu,10,96,NONE,88,BOFU,FIX_LOW,ORPHAN_CANDIDATE,A8.net経由のCTA(2箇所)は自社サービスへの適切なリンク。inboundCount0で孤立しており、他の光回線記事(BIGLOBE光等)から相互参照されていない。
aupay-furusato-poikatsu,au PAYふるさと納税のPontaポイントは貯まる?2025年10月の変更を解説,seikatsu,78,96,NONE,92,BOFU,KEEP,,本文リンク3件(Pontaポイントの使い方・au/UQ記事・ふるさと納税記事)いずれも関連性が高く、CTAも自社案件で適切。inboundCountも16と良好で内部リンク構造として模範的な記事。
biglobe-hikari-poikatsu,BIGLOBE光とは?フレッツ光の設備を使った高速・格安光回線を解説,seikatsu,30,96,NONE,88,BOFU,KEEP,LOW_BODY_LINKS,inboundCount34と非常に多くの記事からリンクされるハブ記事。CTA(A8.net)も適切。ただし本文内からの能動的なリンク(plainBodyLinks)がゼロで、関連する光回線・セット割記事への案内が本文中にない。
busnoru-poikatsu,バスのるとは?高速バス予約と「バスのるポイント」を解説,seikatsu,10,90,NONE,84,BOFU,FIX_LOW,ORPHAN_CANDIDATE,ACCESSTRADE経由のCTAは適切。inboundCount0で孤立記事。旅行・交通系の関連記事があれば相互リンクを追加したい。
d-value-pass-poikatsu,dバリューパスとは?初月無料で壁紙・待受が使い放題のサブスク,seikatsu,22,96,NONE,85,BOFU,REVIEW,LOW_BODY_LINKS,A8.netのCTA2箇所は適切。本文リンクはゼロだが、inboundCount5でdポイント関連記事から一定数リンクされている。
dcarshare-toha,dカーシェアとは?特徴とdポイントの貯め方をわかりやすく解説,seikatsu,10,92,NONE,84,BOFU,FIX_LOW,ORPHAN_CANDIDATE,ドコモアフィリエイトCTAは適切。inboundCount0で孤立記事。
dhealthcare-toha,dヘルスケアとは?歩数・体重記録でdポイントが貯まる仕組みを解説,seikatsu,10,92,NONE,85,BOFU,FIX_LOW,ORPHAN_CANDIDATE,ドコモアフィリエイトCTAは適切。inboundCount0で孤立記事。
dhits-toha,dヒッツとは?月額300円からの音楽聴き放題サービスを解説,seikatsu,10,90,NONE,84,BOFU,FIX_LOW,ORPHAN_CANDIDATE,ドコモアフィリエイトCTAは適切。inboundCount0で孤立記事。
dmagazine-toha,dマガジンとは?月額料金と読める雑誌数をわかりやすく解説,seikatsu,10,92,NONE,86,BOFU,FIX_LOW,ORPHAN_CANDIDATE,ドコモアフィリエイトCTAは適切。inboundCount0で孤立記事。
dmmbooks-toha,DMMブックスとは?特徴とポイントの貯め方をわかりやすく解説,seikatsu,48,90,NONE,85,BOFU,KEEP,,電子書籍ポイ活の比較記事から1件本文リンクを受けており(関連性4)、CTA(A8.net)も適切。inboundCountは1とやや少ないが致命的ではない。
docomo-denki-poikatsu,ドコモでんきとは?電気代でdポイントが貯まる仕組みを解説,seikatsu,26,96,NONE,88,BOFU,REVIEW,LOW_BODY_LINKS,A8.netのCTA2箇所は適切で、電力乗り換え関連記事からinboundCount8のリンクを受けている。本文からの能動的なリンクはゼロ。
dphoto-toha,dフォトとは?毎月フォトブックが届くサービスをわかりやすく解説,seikatsu,10,90,NONE,84,BOFU,FIX_LOW,ORPHAN_CANDIDATE,ドコモアフィリエイトCTAは適切。inboundCount0で孤立記事。
hikaritv-toha,ひかりTVとは?特徴と料金プランをわかりやすく解説,seikatsu,10,90,NONE,86,BOFU,FIX_LOW,ORPHAN_CANDIDATE,ドコモアフィリエイトCTAは適切。inboundCount0で孤立記事。
itoyokado-netsuper-onigo-poikatsu,イトーヨーカドーネットスーパー by ONIGOとは?特徴・料金・初回クーポンを解説,seikatsu,48,38,MEDIUM,88,BOFU,FIX_MEDIUM,AFFILIATE_OPPORTUNITY_MEDIUM,イトーヨーカドーでポイ活する方法への本文リンク(関連性4)は適切。ただしCTAが公式サイト直リンクのみでアフィリエイト化されておらず、ネットスーパー系ASP案件の有無確認が必要。
jalan-golf-toha,じゃらんゴルフとは?特徴とポイントの貯め方をわかりやすく解説,seikatsu,22,90,NONE,84,BOFU,REVIEW,LOW_BODY_LINKS,A8.netのCTAは適切。本文リンクはゼロだが、dポイント/Pontaポイント関連記事からinboundCount4のリンクを受けている。
lemino-premium-toha,Leminoプレミアムとは?月額料金とdポイント還元をわかりやすく解説,seikatsu,10,90,NONE,86,BOFU,FIX_LOW,ORPHAN_CANDIDATE,ドコモアフィリエイトCTAは適切。inboundCount0で孤立記事。
nifty-docomo-hikari-poikatsu,@nifty with ドコモ光とは?キャッシュバックと料金・特典を解説,seikatsu,30,96,NONE,88,BOFU,KEEP,LOW_BODY_LINKS,inboundCount34の主要ハブ記事。CTA(A8.net)も適切だが本文からの能動的なリンクはゼロ。
rakuten-beauty-poikatsu,楽天ビューティとは?美容室・ネイル・エステの検索・予約ができるサービス,seikatsu,30,96,NONE,90,BOFU,KEEP,LOW_BODY_LINKS,inboundCount37のハブ記事。TrafficGate経由のCTAは適切。本文リンクはゼロ。
rakuten-car-shaken-poikatsu,楽天Car車検とは?見積もり比較・予約で楽天ポイントがもらえるサービス,seikatsu,30,96,NONE,90,BOFU,KEEP,LOW_BODY_LINKS,inboundCount37のハブ記事。TrafficGate経由のCTAは適切。本文リンクはゼロ。
rakuten-carwash-poikatsu,楽天Car洗車・コーティングとは?予約方法と楽天ポイントを解説,seikatsu,10,90,NONE,86,BOFU,FIX_LOW,ORPHAN_CANDIDATE,TrafficGate経由のCTAは適切。inboundCount0で孤立記事。楽天Car車検など関連サービス記事との相互リンクを追加したい。
rakuten-denwa-poikatsu,楽天でんわとは?番号そのままで通話料を半額にできる電話アプリを解説,seikatsu,30,96,NONE,88,BOFU,KEEP,LOW_BODY_LINKS,inboundCount34のハブ記事。TrafficGate経由のCTAは適切。本文リンクはゼロ。
rakuten-hikari-poikatsu,楽天ひかりとは?楽天モバイルとセットで楽天市場ポイントが7倍になる光回線,seikatsu,30,96,NONE,90,BOFU,KEEP,LOW_BODY_LINKS,inboundCount38と最多クラスのハブ記事。TrafficGate経由のCTAは適切。本文リンクはゼロ。
rakuten-kakeibo-poikatsu,Rakuten家計簿とは?無料で使える家計簿アプリと楽天ポイントを解説,seikatsu,10,90,NONE,84,BOFU,FIX_LOW,ORPHAN_CANDIDATE,TrafficGate経由のCTAは適切。inboundCount0で孤立記事。楽天ポイント関連記事との相互リンクを追加したい。
rakuten-mobile-poikatsu,楽天モバイルとは?データ使い放題と楽天ポイント最大+4倍を解説,seikatsu,30,96,NONE,90,BOFU,KEEP,LOW_BODY_LINKS,inboundCount38のハブ記事で楽天ポイントの貯め方・使い方記事等から複数リンクを受けている。A8.net CTAも適切。自記事からの能動的な本文リンクはゼロ。
rakuten-music-poikatsu,楽天ミュージックとは?広告なしで約1億曲聴き放題の音楽アプリを解説,seikatsu,30,96,NONE,90,BOFU,KEEP,LOW_BODY_LINKS,inboundCount39と全記事中最多クラス。サブスクポイ活記事からのリンクを受けている。A8.net CTAも適切。本文リンクはゼロ。
rakuten-shashinkan-poikatsu,楽天写真館とは?写真プリントからフォトブックまで作れるサービスを解説,seikatsu,30,96,NONE,88,BOFU,KEEP,LOW_BODY_LINKS,inboundCount37のハブ記事。TrafficGate経由のCTAは適切。本文リンクはゼロ。
retty-poikatsu,Rettyとは?会員登録不要でPayPayポイントが貯まるグルメ予約サービス,seikatsu,20,96,NONE,88,BOFU,KEEP,LOW_BODY_LINKS,PayPayポイント関連記事からinboundCount3のリンクを受けている。A8.net CTAも適切。本文リンクはゼロ。
rimawarikun-toha,利回りくんとは?不動産クラウドファンディングの特徴とリスクを解説,seikatsu,10,88,NONE,85,BOFU,FIX_LOW,ORPHAN_CANDIDATE,不動産クラウドファンディングでリスク説明が必要な商材。A8.net CTAは適切だがinboundCount0で孤立。他の資産運用・証券系記事との相互リンクを検討したい。
satofull-poikatsu,さとふるとは?ふるさと納税の流れとポイント制度の現状を解説,seikatsu,10,90,NONE,86,BOFU,FIX_LOW,ORPHAN_CANDIDATE,ValueCommerce経由のCTAは適切。inboundCount0で孤立記事。ふるさと納税関連記事(au PAYふるさと納税等)との相互リンクを追加したい。
softbank-hikari-poikatsu,SoftBank 光とは?フレッツ光より安い高速光回線とキャッシュバックを解説,seikatsu,30,96,NONE,88,BOFU,KEEP,LOW_BODY_LINKS,inboundCount34のハブ記事。A8.net CTAも適切。本文リンクはゼロ。
ubereats-poikatsu,Uber Eatsでポイ活する方法!クーポン・支払い・手数料の見方,seikatsu,40,20,MEDIUM,84,BOFU,FIX_MEDIUM,AFFILIATE_OPPORTUNITY_MEDIUM;DUPLICATE_BODY_LINK,本文リンク2件は同一ターゲット(楽天ポイントの使い方)への重複でリンク先の多様性がない。CTAが一切設置されておらず(ctaLinks空)、hasDisclosureもfalse。Uber Eats自体のアフィリエイト/紹介プログラムの有無を確認し、CTA追加とPR表記対応を検討したい。
ana-amex-campaign-2026,"【期間限定】ANAアメックス新規入会キャンペーン特集|最大242,000マイル",creditcard,75,30,HIGH,90,BOFU,FIX_MEDIUM,AFFILIATE_OPPORTUNITY_HIGH,"CTAが全てANA公式への直接リンクでアフィリエイトなし(isAffiliate:false)。最大242,000マイルという極めて商業意図の強いキャンペーン特集記事にもかかわらず収益化されていない。ANAアメックスの提携ASPの有無を確認し、可能であれば追加を推奨。"
ana-amex-poikatsu,ANAアメックスが大幅刷新!ゴールド・プレミアムの新特典とマイル還元まとめ,creditcard,80,30,HIGH,90,BOFU,FIX_MEDIUM,AFFILIATE_OPPORTUNITY_HIGH,カード個別解説記事だがCTA2件は全てANA公式への直接リンクで非アフィリエイト。ana-amex-campaign-2026への内部リンクは適切(関連性4〜5)。ANAアメックスのアフィリエイト化を検討する価値が高い。
apple-pay-poikatsu,Apple Payでポイ活する方法!ポイント還元とiD・QUICPay・タッチ決済の違い,creditcard,75,40,MEDIUM,85,MOFU,FIX_MEDIUM,ORPHAN_CANDIDATE;AFFILIATE_OPPORTUNITY_MEDIUM,本文内リンク6件は関連性が高い(3〜4点)が、inboundCountが0で他記事から一切リンクされていない。「7.効率よく貯めるための登録カードの選び方」セクションに高還元カード記事(rakuten-card-poikatsu等)へのCTA追加の余地あり。
cosmo-opus-card-poikatsu,コスモ・ザ・カード・オーパスとは?ガソリン割引の特徴を解説,creditcard,55,90,NONE,90,BOFU,KEEP,,単体カード紹介ページ。CTAは関連性5で適切に設置。本文内リンクは無いが、この種の単体案件ページとしては許容範囲。被リンク24件のハブとして機能している。
creca-tsumitate-point,クレカ積立でポイントは貯まる?投資前に知りたい基本と注意点,creditcard,15,60,NONE,80,TOFU,FIX_MEDIUM,ORPHAN_CANDIDATE,被リンク・本文内リンクともに0件で完全に孤立した記事。投資注意喚起系の情報記事のためCTA不要(NO_AFFILIATE_NEEDED)だが、creditcard-kangenritsu等の関連記事への内部リンク追加でユーザー導線を改善すべき。
credit-card-common-point-hikaku,共通ポイント別クレジットカード比較|d・楽天・Ponta・Vポイントで選ぶ,creditcard,85,60,LOW,90,MOFU,KEEP,,dカード・楽天カード・三井住友カードへの内部リンクが充実しており、各カードのレビュー記事(CTA付き)へ自然に誘導できている。Ponta・PayPayセクションのみ対応カード記事へのリンクがなく、該当記事があれば追加余地あり。
credit-card-mile-hikaku,マイルが貯まるクレジットカード比較|ANA・JALの還元と移行条件,creditcard,65,35,MEDIUM,85,MOFU,FIX_MEDIUM,AFFILIATE_OPPORTUNITY_MEDIUM,マイル志向で商業意図の高い記事だがCTAが一切ない。同じくマイル訴求のana-amex-poikatsu/ana-amex-campaign-2026への内部リンクも欠落しており、追加すれば関連性・収益機会ともに向上する。
credit-card-point-hikaku,クレジットカードのポイントを徹底比較|還元率・年会費・使い道で選ぶ,creditcard,45,20,HIGH,85,MOFU,FIX_HIGH,AFFILIATE_OPPORTUNITY_HIGH,主要9枚比較のハブ記事で、タイトル・descriptionで楽天カード・dカード・三井住友カード(NL)を名指ししているのに、それらのレビュー記事(いずれもCTA設置済み)への本文内リンクが一切ない(既存リンク監査でも指摘済み)。比較表または結論部からのリンク追加で収益機会が大きい。
creditcard-erabikata,ポイ活向けクレジットカードの選び方!初心者が見るべき5つのポイント,creditcard,15,30,MEDIUM,85,MOFU,FIX_MEDIUM,,「選び方」の5ポイントを解説する記事だが本文内リンクが0件。カード選びの結論として楽天カード・エポスカード等の個別記事や比較記事(credit-card-point-hikaku等)への内部リンク追加が有効。
creditcard-hakkou-anken-poikatsu,クレジットカード発行案件のポイ活術!申し込み前に確認すべきこと,creditcard,20,35,NONE,70,MOFU,FIX_MEDIUM,MONETIZATION_MISMATCH;ORPHAN_CANDIDATE,既存リンク監査で指摘済みの通り、「発行案件の仕組み」説明直後にエポス・コスモの案件CTAを2つ並べており文脈が弱い(関連性スコア2)。記事末尾への移動や文脈追加を推奨。inboundCountも0で他記事から参照されていない。
creditcard-kangenritsu,クレジットカードのポイント還元率とは?1%と0.5%の違いをわかりやすく解説,creditcard,20,65,NONE,85,TOFU,FIX_LOW,,還元率の計算方法を扱う用語解説記事のためCTA不要(NO_AFFILIATE_NEEDED)。ただし本文内リンクが0件で、次のステップとなるcredit-card-point-hikaku等の比較記事への導線がない。
creditcard-poikatsu-kiso,クレジットカードでポイ活する基本!還元率だけで選ばない考え方,creditcard,10,55,LOW,80,TOFU,FIX_MEDIUM,ORPHAN_CANDIDATE,ポイ活の基本を扱う初心者向け記事だが被リンク・本文内リンクともに0件で完全に孤立。creditcard-erabikata、credit-card-point-hikaku等への導線を整備すべき。
creditcard-seiri-poikatsu,複数クレジットカードの整理術!ポイ活効率を落とさない見直し方,creditcard,75,65,NONE,85,MOFU,KEEP,,関連性の高い内部リンク3件(creditcard-tsukurisugi-chuui、kuukou-lounge-poikatsu、カテゴリページ)あり。情報提供記事としてCTA不要で問題なし。
creditcard-tsukurisugi-chuui,クレジットカードを作りすぎると危険?ポイ活で注意したい信用情報の基本,creditcard,55,65,NONE,85,TOFU,REVIEW,,注意喚起系記事でCTA不要。本文内リンクは1件(creditcard-seiri-poikatsu、関連性5)のみで、より多くの関連記事への導線があるとよい。
dcard-poikatsu,dカードはポイ活におすすめ?dポイントを貯めやすい人の特徴,creditcard,30,15,HIGH,85,BOFU,FIX_HIGH,AFFILIATE_OPPORTUNITY_HIGH,他の4記事(credit-card-common-point-hikaku、docomo-ahamo-dpoint等)から「dポイントを貯めやすい人向け」の着地点として頻繁にリンクされる記事だが、アフィリエイトCTAが一切ない。dカードの提携ASPリンクの確保を強く推奨。本文内リンクも0件。
debit-card-poikatsu,デビットカード派のポイ活入門!即時払いで支出を管理するコツ,creditcard,10,40,LOW,80,TOFU,FIX_MEDIUM,ORPHAN_CANDIDATE,被リンク・本文内リンクともに0件で孤立。デビットカードの提携案件があれば追加を検討、なければ関連記事(creditcard-poikatsu-kiso等)への内部リンク整備を優先。
epos-card-poikatsu,エポスカードとは?年会費無料の特徴とマルイでの優待を解説,creditcard,55,90,NONE,90,BOFU,KEEP,,CTA関連性5で適切に設置。単体案件ページとして問題なし。被リンク24件のハブとして機能している。
gasoline-point-tameru,ガソリン代でポイントを貯める方法!車利用者向けポイ活の基本,creditcard,25,85,NONE,85,MOFU,REVIEW,,コスモ・ザ・カード・オーパスへのCTAは文脈的に適切(関連性5)で収益化は良好。ただし本文内リンクが0件で、選び方や決済比較の関連記事への導線が弱い。
hokenryo-point-tameru,保険料でポイントを貯める方法!クレジットカード払いの確認ポイント,creditcard,10,40,MEDIUM,80,TOFU,FIX_MEDIUM,ORPHAN_CANDIDATE,被リンク・本文内リンクともに0件。保険料払いに向く高還元カードの紹介・CTA追加や、creditcard-kangenritsu等の関連記事への内部リンクを検討。
jcb-jpoint-poikatsu,JCBのJ-POINT(旧Oki Dokiポイント)活用術!交換先と還元率の考え方,creditcard,15,55,LOW,80,TOFU,FIX_LOW,,JCBポイントのマイル移行に触れる内容であればcredit-card-mile-hikakuへの内部リンクが自然だが未設置。本文内リンクが0件。
kazoku-card-matomeru,家族カードでポイントをまとめる方法!家計管理と使いすぎ防止のコツ,creditcard,10,30,MEDIUM,80,MOFU,FIX_MEDIUM,ORPHAN_CANDIDATE,被リンク・本文内リンクともに0件で孤立。家族カード発行に適したカード(楽天カード等)への内部リンク・CTA追加が有効。
keitai-ryokin-point,携帯料金でポイント還元!ドコモ・ソフトバンク・au・楽天モバイル別お得な貯め方ガイド,creditcard,10,15,HIGH,70,MOFU,FIX_HIGH,AFFILIATE_OPPORTUNITY_HIGH,descriptionで「相性の良いクレジットカード」の紹介を謳っているが、本文内リンク・CTAともに0件で内容が伴っていない。ドコモ→dcard-poikatsu、楽天モバイル→rakuten-card-poikatsu等への内部リンクとCTA追加を強く推奨。
kuukou-lounge-poikatsu,空港ラウンジ特典はポイ活に役立つ?カード特典の見極め方,creditcard,70,35,MEDIUM,85,MOFU,REVIEW,,ana-amex-poikatsuへの内部リンクは適切(関連性5)だが自身にCTAはなく、リンク先自体もアフィリエイト未設定のため収益化余地がある。
mitsui-sumitomo-card-vpoint,三井住友カードでVポイントを貯める方法!対象店舗とタッチ決済の基本,creditcard,30,15,HIGH,85,BOFU,FIX_HIGH,AFFILIATE_OPPORTUNITY_HIGH,4記事から着地点として参照される個別カード記事だがアフィリエイトCTAが一切ない。三井住友カードの提携ASPリンクの確保を推奨。本文内リンクも0件。
nenkaihi-muryo-card,年会費無料カードでポイ活はできる?無理なく始めるカード活用術,creditcard,10,15,HIGH,85,MOFU,FIX_HIGH,ORPHAN_CANDIDATE;AFFILIATE_OPPORTUNITY_HIGH,「年会費無料カード」というテーマは既にアフィリエイト提携済みのエポスカード・Nexus Card・楽天カードと直接合致するにもかかわらず、内部リンク・CTAともに0件かつ被リンクも0件。バッチ内で最優先に内部リンクとCTAを追加すべき記事。
nexus-card-poikatsu,Nexus Cardとは?特徴と申込前に確認したいポイントを解説,creditcard,55,90,NONE,90,BOFU,KEEP,,CTA関連性5で適切に設置。被リンク24件のハブとして機能している。
odakyu-point-card-poikatsu,小田急ポイントカードとは?OPポイントの貯め方を解説,creditcard,55,90,NONE,90,BOFU,KEEP,,CTA関連性5で適切に設置。被リンク24件のハブとして機能している。
rakuten-card-poikatsu,楽天カードはポイ活に向いている?メリットと注意点を初心者向けに解説,creditcard,55,90,NONE,90,BOFU,KEEP,,被リンク31件でバッチ内最多のハブ記事。CTA関連性5で適切に収益化されている。
sumaho-kessai-creditcard-hikaku,スマホ決済とクレジットカードはどっちがお得?ポイント二重取りの基本,creditcard,45,35,MEDIUM,85,MOFU,FIX_MEDIUM,,本文内リンクは1件のみ(point-niju-sanjudori-kumiawase、関連性5)。「クレジットカード」側の具体例としてrakuten-card-poikatsu等への内部リンク・CTA追加で比較から申込への導線を強化できる。
zeikin-shiharai-point,税金支払いでポイントを貯める方法はある?手数料と還元率の考え方,creditcard,10,45,LOW,80,TOFU,FIX_MEDIUM,ORPHAN_CANDIDATE,被リンク・本文内リンクともに0件で孤立。手数料と還元率の損益計算を扱う情報記事のためCTA必須ではないが、creditcard-kangenritsu等の関連記事への内部リンクは整備すべき。
cue-monitor-poikatsu,キューモニターでアンケートポイ活!初心者が知るべき使い方,survey,15,20,HIGH,80,BOFU,FIX_HIGH,AFFILIATE_OPPORTUNITY_HIGH;ORPHAN_CANDIDATE,同カテゴリの類似レビュー記事(ファンくる・Ipsos iSay等)は全てA8.netアフィリエイトCTA+PR表記ありだが、本記事はCTA無し・PR表記無し・内部リンクも皆無・被リンク0件。CTA追加とPR表記、関連記事への相互リンク整備を推奨。
enquete-monitor-poikatsu,アンケートモニターでポイ活する方法!スキマ時間で稼ぐ前の基本,survey,70,45,MEDIUM,85,MOFU,REVIEW,AFFILIATE_OPPORTUNITY_MEDIUM,Ipsos iSay・オピニオンワールド・アイリサーチの3社を具体名で比較しており各社記事へのリンク(関連性4)は適切だが、CTAが無く収益化の余地が残っている。比較文脈に沿ったCTA設置を検討。
fancrew-poikatsu,ファンくるとは?覆面調査の仕組み・ポイント・安全性を解説,survey,55,95,NONE,90,BOFU,KEEP,,CTA・PR表記とも適切。本文からのアウトバウンドリンクはカテゴリページ1件のみとやや少ないが、被リンク12件の強いハブ記事のため問題は軽微。
fruitmail-poikatsu,フルーツメールとは?ゲーム・アンケートでポイントが貯まる懸賞サイト,survey,50,95,NONE,88,BOFU,KEEP,,本文内リンクが皆無で、ipsos-isay等のように関連サービスへのリンクを追加すると回遊性向上の余地がある。CTA・PR表記は適切、被リンクも12件と充実。
infoq-poikatsu,infoQでポイ活する方法!アンケートと記事作成案件の見方,survey,15,20,HIGH,78,BOFU,FIX_HIGH,AFFILIATE_OPPORTUNITY_HIGH;ORPHAN_CANDIDATE,cue-monitorと同様、単一サービス解説記事でありながらCTA・PR表記・内部リンクが全て無し。被リンクも0件。他のアンケートサイト記事と揃えたCTA設置を推奨。
ipsos-isay-poikatsu,Ipsos iSay(イプソス・アイセイ)とは?特徴・ポイントの貯め方を解説,survey,90,95,NONE,92,BOFU,KEEP,,ポイント交換とは・マクロミル・アンケートモニター・ポイ活とはへの関連性の高い内部リンクが充実。CTA・PR表記も適切で、本バッチ内でも模範的な記事構成。
iresearch-poikatsu,アイリサーチとは?自社会場調査・ポイントの貯め方をわかりやすく解説,survey,90,95,NONE,90,BOFU,KEEP,,ipsos-isayと同様に内部リンクが充実し、ファンくるへのリンクも比較文脈で自然。CTA・PR表記も適切。
macromill-poikatsu,マクロミルとは?アンケート回答でポイントが貯まるモニターサービス,survey,50,95,NONE,88,BOFU,KEEP,,本文内の他記事リンクが無く、ipsos-isay/iresearchのような比較リンクを追加する余地がある。CTA・PR表記は適切、被リンクも12件。
macromill-tsukaikata,マクロミルでアンケートポイ活を始める方法!回答前の注意点を解説,survey,25,90,NONE,82,BOFU,REVIEW,ORPHAN_CANDIDATE,マクロミルへのCTA・PR表記は適切だが被リンク0件で内部リンクも皆無。姉妹記事macromill-poikatsuとの相互リンクを追加すると発見性が向上する。
monitor-town-poikatsu,モニタータウンとは?PC調査モニターの特徴・参加方法をわかりやすく解説,survey,50,90,NONE,85,BOFU,KEEP,,CTA2件・PR表記は適切だが本文内リンクなし。他のアンケートサイトへの比較リンク追加で内部リンクスコアが向上する。
opinionworld-poikatsu,OpinionWorld(オピニオンワールド)とは?ポイント・交換先・安全性を公式情報で解説,survey,88,95,NONE,93,BOFU,KEEP,,目次アンカーに加えIpsos iSay・アイリサーチへの比較リンクがあり内部リンクが充実。CTA・PR表記も適切で、本バッチ内で完成度が高い記事の一つ。
rakuten-insight-tsukaikata,楽天インサイトの使い方!楽天ポイントをアンケートで貯める方法,survey,15,20,HIGH,80,BOFU,FIX_HIGH,AFFILIATE_OPPORTUNITY_HIGH;ORPHAN_CANDIDATE,楽天インサイトという単一サービスの使い方記事だがCTA・PR表記・内部リンクが全て無し。楽天ポイント関連ハブ記事からのリンクも無く発見されにくい。
zadankai-kaijouchousa-poikatsu,座談会・会場調査のポイ活とは?高単価案件に参加する前の注意点,survey,15,70,LOW,82,TOFU,REVIEW,ORPHAN_CANDIDATE,座談会・会場調査という案件タイプの注意喚起記事で特定ブランドを対象としないためCTA無しは妥当。ただしファンくる・アイリサーチなど関連の高い個別サービス記事への内部リンクが無く、被リンクも0件。
app-hitsuyou,ポイ活アプリは必要?初心者におすすめの使い分けと管理方法,app,15,70,NONE,80,TOFU,REVIEW,ORPHAN_CANDIDATE,アプリ活用の総論記事でCTA無しは妥当(NO_AFFILIATE_NEEDED)。ただし本文内リンク・被リンクが共に0件で、hashport-wallet等の個別アプリ記事への橋渡しができていない。
app-install-anken-poikatsu,アプリインストール案件のポイ活とは?条件達成・アンインストールの注意点を解説,app,15,70,NONE,80,TOFU,REVIEW,ORPHAN_CANDIDATE,アプリインストール案件全般の注意点記事でCTA無しは妥当。内部リンク・被リンクともに0件で孤立しており、関連する個別アプリ記事へのリンク追加が望ましい。
code-receipt-poikatsu,CODEで商品バーコードを使ったポイ活!レシート登録と案件活用の基本,app,40,25,HIGH,82,BOFU,FIX_MEDIUM,AFFILIATE_OPPORTUNITY_HIGH,CODEという単一アプリのレビュー記事でCTA・PR表記が無い。idou-app-erabikata・receipt-app-poikatsuから被リンク2件はあるが、本文からのアウトバウンドリンクは無し。hashport-walletと同水準のCTA設置を推奨。
hashport-wallet-poikatsu,HashPort Walletとは?暗号資産・ポイント・NFTを一元管理できるアプリ,app,55,95,NONE,88,BOFU,KEEP,,appカテゴリの主要な収益記事。CTA・PR表記とも適切で被リンクも11件と充実。本文内の他記事への言及リンクは無いが問題は軽微。
hosuu-app-poikatsu,歩数アプリでポイントを貯める方法!健康習慣と節約を両立するコツ,app,15,80,NONE,83,MOFU,REVIEW,ORPHAN_CANDIDATE,dヘルスケアへのCTA・PR表記は適切だが被リンク0件・本文内リンクも0件で孤立。idou-app-erabikataなど関連記事からのリンクを追加すると発見性が向上する。
idou-app-erabikata,移動系ポイ活アプリの選び方!歩数・移動距離・広告視聴の違い,app,75,45,MEDIUM,85,MOFU,REVIEW,AFFILIATE_OPPORTUNITY_MEDIUM;ORPHAN_CANDIDATE,トリマ・レシチャレ・CODEへの比較リンク(関連性5)は良好だが、比較対象3サービスいずれもCTAが無いためこの記事経由の収益化余地が失われている。被リンクも0件。
one-receipt-poikatsu,ONEでレシートポイ活を始める方法!撮影前に確認したいポイント,app,35,25,HIGH,82,BOFU,FIX_MEDIUM,AFFILIATE_OPPORTUNITY_HIGH,ONEという単一アプリのレビューだがCTA・PR表記が無い。receipt-app-poikatsuから被リンク1件のみ。CTA追加でhashport-wallet同等の収益記事化が可能。
receipt-app-poikatsu,レシートアプリでポイ活する方法!買い物後に捨てずに活用するコツ,app,75,45,MEDIUM,85,MOFU,REVIEW,AFFILIATE_OPPORTUNITY_MEDIUM;ORPHAN_CANDIDATE,ONE・CODE・レシチャレへの比較リンク(関連性5)は良好だが対象3サービスともCTA無し。被リンクも0件でハブとしての機能を果たせていない。
reshichare-poikatsu,レシチャレ(旧クラシルリワード)で貯めるポイ活とは?レシート・移動・広告の使い方,app,35,25,HIGH,82,BOFU,FIX_MEDIUM,AFFILIATE_OPPORTUNITY_HIGH,レシチャレの単一レビュー記事でCTA・PR表記が無い。idou-app-erabikata・receipt-app-poikatsuから被リンク2件。CTA追加を推奨。
taxi-app-poikatsu,タクシーアプリでポイ活する方法!クーポンと決済ポイントの使い方,app,15,65,LOW,78,TOFU,REVIEW,ORPHAN_CANDIDATE,特定ブランドを指定しない一般解説のためCTA無しは許容範囲内だが、内部リンク・被リンクとも0件で孤立している。
tiktok-lite-poikatsu,TikTok Liteのポイ活はどう使う?登録前に確認したい条件と注意点,app,15,20,HIGH,80,BOFU,FIX_HIGH,AFFILIATE_OPPORTUNITY_HIGH;ORPHAN_CANDIDATE,TikTok Liteという単一サービスの注意点解説だがCTA・PR表記・内部リンク・被リンクが全て無し。条件変更に注意という内容からもBOFU向けCTA設置の余地が大きい。
torima-idou-poikatsu,トリマで移動ポイ活する方法!歩く・移動する前に知るべき注意点,app,35,25,HIGH,82,BOFU,FIX_MEDIUM,AFFILIATE_OPPORTUNITY_HIGH,トリマの単一レビュー記事でCTA・PR表記が無い。idou-app-erabikataから被リンク1件のみ。CTA追加を推奨。
fukugyou,ポイ活は副業になる?収入目的で始める前に知るべきメリットと限界,sidejob,15,70,NONE,82,TOFU,REVIEW,ORPHAN_CANDIDATE,副業とポイ活の違いを解説する総論記事でCTA無しは妥当。内部リンク・被リンクとも0件で孤立しており、高単価な個別サービス記事へのリンクを追加すると回遊性が向上する。
kakuteishinkoku-point-seiri,確定申告前に整理したいポイント利用履歴!家計と事業を分ける方法,sidejob,15,70,NONE,85,TOFU,REVIEW,ORPHAN_CANDIDATE,確定申告向けの情報提供記事でCTA無しは妥当(NO_AFFILIATE_NEEDED)。内部リンク・被リンクとも0件で孤立。
keihiseisan-point-dareno,経費精算でポイントは誰のもの?会社員が確認したいルールとマナー,sidejob,15,70,NONE,85,TOFU,REVIEW,ORPHAN_CANDIDATE,経費精算ルールの情報提供記事でCTA無しは妥当。内部リンク・被リンクとも0件で孤立。
kojinjigyounushi-point-kanri,個人事業主向けポイント管理術!経費支払いで迷わない考え方,sidejob,15,70,NONE,85,TOFU,REVIEW,ORPHAN_CANDIDATE,個人事業主向け情報提供記事でCTA無しは妥当。内部リンク・被リンクとも0件で孤立。
furima-app-kounyuu-point,フリマアプリ購入でポイントを活用する方法!中古品選びの注意点,furima,15,65,LOW,80,TOFU,REVIEW,ORPHAN_CANDIDATE,フリマ購入活用術の総論記事。特定ブランドへの言及が薄くCTA無しは妥当だが、mercari-poikatsuなど関連記事への内部リンクが無く孤立している。
mercari-poikatsu,メルカリでできるポイ活術!売る・買う・支払うをお得につなげる方法,furima,15,50,MEDIUM,83,MOFU,REVIEW,AFFILIATE_OPPORTUNITY_MEDIUM;ORPHAN_CANDIDATE,メルカリという特定ブランドを扱うが売買最適化Tips中心でCTA無し。メルペイ等のアフィリエイトプログラムがあれば設置余地あり。furima-app-kounyuu-pointとの相互リンクも無い。
dpoint-dharai-tamekata,dポイント・d払いの貯め方とは?もらう方法・使い方を解説,,90,78,NONE,90,MOFU,KEEP,,dポイント関連の主要サービス(ahamo光/ドコモでんき/dバリューパス/dショッピング/じゃらんnet)への関連性の高いリンクが充実したハブ記事。公式サイトへの直接CTAは妥当。
dpoint-tsukaikata,dポイントの使い方とは?店舗・連携・交換まで完全ガイド,,88,78,NONE,90,MOFU,KEEP,,dポイントの使い方ハブとして関連個別記事(dカード/じゃらんnet等)への内部リンクが充実。公式サイトCTAも妥当。
paypay-point-tamekata,PayPayポイントの貯め方とは?もらう方法・使い方を解説,,88,78,NONE,90,MOFU,REVIEW,ORPHAN_CANDIDATE,Yahoo!ショッピング/Yahoo!トラベル/Retty等への内部リンクが充実した優良ハブ記事だが被リンク0件。同種のdポイント記事は被リンク1件あるのと対照的で、他記事からのリンク追加が望ましい。
paypay-point-tsukaikata,PayPayポイントの使い方とは?店舗・連携・交換まで完全ガイド,,80,78,NONE,88,MOFU,KEEP,,被リンク5件、内部リンクも適切でハブとして機能している。
ponta-tamekata,Pontaポイントの貯め方とは?もらう方法・使い方を解説,,90,78,NONE,90,MOFU,REVIEW,ORPHAN_CANDIDATE,au PAYマーケット/じゃらんnet/ローソン等への内部リンクが非常に充実しているが被リンク0件。他記事からのリンクを追加すると発見性が向上する。
ponta-tsukaikata,Pontaポイントの使い方とは?店舗・連携・交換まで完全ガイド,,85,78,NONE,88,MOFU,KEEP,,被リンク2件、内部リンクも適切。
rakuten-point-tamekata,楽天ポイントの貯め方とは?もらう方法・使い方を解説,,90,78,NONE,90,MOFU,KEEP,,被リンク5件、楽天市場/楽天モバイル等への関連性の高いリンクが充実した模範的ハブ記事。
rakuten-point-tsukaikata,楽天ポイントの使い方とは?店舗・連携・交換まで完全ガイド,,85,78,NONE,88,MOFU,KEEP,,楽天カード/Uber Eats等への内部リンクが適切。被リンクも2件(うちubereats-poikatsuから重複2回)。
vpoint-tamekata,Vポイントの貯め方とは?もらう方法・使い方を解説,,85,78,NONE,88,MOFU,KEEP,,三井住友カード/vpoint-tsukaikata等への内部リンクが適切。被リンクは1件のみでやや少ない。
vpoint-tsukaikata,Vポイントの使い方とは?店舗・連携・交換まで完全ガイド,,80,78,NONE,87,MOFU,KEEP,,PayPayポイントへの交換リンクなど適切な内部リンク構成。被リンク2件。